outcome,spec,sample,se_type,term,year,reference_year,estimate,std.error,statistic,p.value,n_obs,n_cz,controls,label,spec_label
rep_margin,minimal,main_1972_start,cluster_cz,es_1972,1972,1988,1.519058882292982e-4,0.001899214826842415,0.07998352060143346,0.9362725573609071,9386,722,none,Republican margin,Minimal
rep_margin,minimal,main_1972_start,cluster_cz,es_1976,1976,1988,-0.007400979845532615,0.003993782823356857,-1.8531252631588861,0.06427278079440031,9386,722,none,Republican margin,Minimal
rep_margin,minimal,main_1972_start,cluster_cz,es_1980,1980,1988,-0.007258487412649693,0.003848986147637439,-1.8858180139476608,0.05972123188528012,9386,722,none,Republican margin,Minimal
rep_margin,minimal,main_1972_start,cluster_cz,es_1984,1984,1988,-6.26049000881328e-4,0.0013396491094222218,-0.4673231195229452,0.6404099180007625,9386,722,none,Republican margin,Minimal
rep_margin,minimal,main_1972_start,cluster_cz,es_1992,1992,1988,-0.0032778971623334784,0.0012446555847933894,-2.6335776759300074,0.008630174310754631,9386,722,none,Republican margin,Minimal
rep_margin,minimal,main_1972_start,cluster_cz,es_1996,1996,1988,-0.002376031496734472,0.0021597273498407156,-1.1001534508092927,0.27163244608563136,9386,722,none,Republican margin,Minimal
rep_margin,minimal,main_1972_start,cluster_cz,es_2000,2000,1988,-0.0011017709325690794,0.0031463470297653875,-0.35017463812668964,0.7263099102127095,9386,722,none,Republican margin,Minimal
rep_margin,minimal,main_1972_start,cluster_cz,es_2004,2004,1988,-4.988763435663946e-4,0.0034170101871585563,-0.14599790935397808,0.8839638469198247,9386,722,none,Republican margin,Minimal
rep_margin,minimal,main_1972_start,cluster_cz,es_2008,2008,1988,0.0020428182993862884,0.004135444575351497,0.4939779175284091,0.6214722269221162,9386,722,none,Republican margin,Minimal
rep_margin,minimal,main_1972_start,cluster_cz,es_2012,2012,1988,0.0030268253258691653,0.004898273392125605,0.6179371961424298,0.5368118701241302,9386,722,none,Republican margin,Minimal
rep_margin,minimal,main_1972_start,cluster_cz,es_2016,2016,1988,0.00836561815616405,0.0068715770045750905,1.2174233295492765,0.22384148992246639,9386,722,none,Republican margin,Minimal
rep_margin,minimal,main_1972_start,cluster_cz,es_2020,2020,1988,0.00874363043106841,0.006196156013435906,1.4111378751775288,0.15863530946104795,9386,722,none,Republican margin,Minimal
rep_margin,core_controls,main_1972_start,cluster_cz,es_1972,1972,1988,0.0020553770988338427,0.002506470917303892,0.8200283053931173,0.4124709757920455,9386,722,z_l_shind_manuf_cbp; z_l_sh_popedu_c; z_l_sh_popfborn,Republican margin,Core controls
rep_margin,core_controls,main_1972_start,cluster_cz,es_1976,1976,1988,-0.005057793494840107,0.0029282153720447965,-1.7272614381872495,0.08454898596874272,9386,722,z_l_shind_manuf_cbp; z_l_sh_popedu_c; z_l_sh_popfborn,Republican margin,Core controls
rep_margin,core_controls,main_1972_start,cluster_cz,es_1980,1980,1988,-4.699465611478935e-4,0.002611259264756574,-0.1799693226523421,0.8572272199735543,9386,722,z_l_shind_manuf_cbp; z_l_sh_popedu_c; z_l_sh_popfborn,Republican margin,Core controls
rep_margin,core_controls,main_1972_start,cluster_cz,es_1984,1984,1988,3.7369366893233533e-4,0.001135978070372534,0.3289620448480892,0.7422799053837201,9386,722,z_l_shind_manuf_cbp; z_l_sh_popedu_c; z_l_sh_popfborn,Republican margin,Core controls
rep_margin,core_controls,main_1972_start,cluster_cz,es_1992,1992,1988,-0.003440552006152969,0.001347022046407822,-2.55419131062337,0.010847957206846264,9386,722,z_l_shind_manuf_cbp; z_l_sh_popedu_c; z_l_sh_popfborn,Republican margin,Core controls
rep_margin,core_controls,main_1972_start,cluster_cz,es_1996,1996,1988,-0.0038848967497168768,0.002593751991225419,-1.4977903681074212,0.13462537671828503,9386,722,z_l_shind_manuf_cbp; z_l_sh_popedu_c; z_l_sh_popfborn,Republican margin,Core controls
rep_margin,core_controls,main_1972_start,cluster_cz,es_2000,2000,1988,-0.002902151317476909,0.0028737496639010774,-1.009883134196622,0.3128900702595149,9386,722,z_l_shind_manuf_cbp; z_l_sh_popedu_c; z_l_sh_popfborn,Republican margin,Core controls
rep_margin,core_controls,main_1972_start,cluster_cz,es_2004,2004,1988,-0.0028693730632068856,0.0024085974596170464,-1.1913045294264737,0.23392607050098033,9386,722,z_l_shind_manuf_cbp; z_l_sh_popedu_c; z_l_sh_popfborn,Republican margin,Core controls
rep_margin,core_controls,main_1972_start,cluster_cz,es_2008,2008,1988,9.931789542665442e-4,0.002698896492980952,0.3679944587906631,0.7129853731154996,9386,722,z_l_shind_manuf_cbp; z_l_sh_popedu_c; z_l_sh_popfborn,Republican margin,Core controls
rep_margin,core_controls,main_1972_start,cluster_cz,es_2012,2012,1988,0.0010370579698783843,0.002886063765974077,0.3593330064654224,0.7194511961450148,9386,722,z_l_shind_manuf_cbp; z_l_sh_popedu_c; z_l_sh_popfborn,Republican margin,Core controls
rep_margin,core_controls,main_1972_start,cluster_cz,es_2016,2016,1988,8.267065907430786e-4,0.0024909569046806476,0.3318831366330146,0.7400739561321892,9386,722,z_l_shind_manuf_cbp; z_l_sh_popedu_c; z_l_sh_popfborn,Republican margin,Core controls
rep_margin,core_controls,main_1972_start,cluster_cz,es_2020,2020,1988,2.3568758978951762e-4,0.0026943434214825304,0.0874749625123264,0.9303182747060602,9386,722,z_l_shind_manuf_cbp; z_l_sh_popedu_c; z_l_sh_popfborn,Republican margin,Core controls
rep_margin,full_controls,main_1972_start,cluster_cz,es_1972,1972,1988,0.001957128353642623,0.0024186791301095707,0.8091723822638521,0.41868293829151426,9386,722,z_l_shind_manuf_cbp; z_l_sh_popedu_c; z_l_sh_popfborn; z_l_sh_empl_f; z_l_sh_routine33; z_l_task_outsource,Republican margin,Full controls
rep_margin,full_controls,main_1972_start,cluster_cz,es_1976,1976,1988,-0.003776665039663644,0.002896956060569629,-1.3036666627663789,0.19276335550718843,9386,722,z_l_shind_manuf_cbp; z_l_sh_popedu_c; z_l_sh_popfborn; z_l_sh_empl_f; z_l_sh_routine33; z_l_task_outsource,Republican margin,Full controls
rep_margin,full_controls,main_1972_start,cluster_cz,es_1980,1980,1988,-0.001312699921752548,0.0022554353026529293,-0.582016216651615,0.5607376939203967,9386,722,z_l_shind_manuf_cbp; z_l_sh_popedu_c; z_l_sh_popfborn; z_l_sh_empl_f; z_l_sh_routine33; z_l_task_outsource,Republican margin,Full controls
rep_margin,full_controls,main_1972_start,cluster_cz,es_1984,1984,1988,-2.9196230065894023e-4,0.001144890835266521,-0.2550132219295596,0.7987856097566288,9386,722,z_l_shind_manuf_cbp; z_l_sh_popedu_c; z_l_sh_popfborn; z_l_sh_empl_f; z_l_sh_routine33; z_l_task_outsource,Republican margin,Full controls
rep_margin,full_controls,main_1972_start,cluster_cz,es_1992,1992,1988,-0.004067893590778882,0.0014104559240276627,-2.884098341168086,0.004042379499561172,9386,722,z_l_shind_manuf_cbp; z_l_sh_popedu_c; z_l_sh_popfborn; z_l_sh_empl_f; z_l_sh_routine33; z_l_task_outsource,Republican margin,Full controls
rep_margin,full_controls,main_1972_start,cluster_cz,es_1996,1996,1988,-0.006638350577215728,0.002454432659820351,-2.7046374854307933,0.006999242185204168,9386,722,z_l_shind_manuf_cbp; z_l_sh_popedu_c; z_l_sh_popfborn; z_l_sh_empl_f; z_l_sh_routine33; z_l_task_outsource,Republican margin,Full controls
rep_margin,full_controls,main_1972_start,cluster_cz,es_2000,2000,1988,-0.006835744780660761,0.002812167527032203,-2.430774381309639,0.01530940517791452,9386,722,z_l_shind_manuf_cbp; z_l_sh_popedu_c; z_l_sh_popfborn; z_l_sh_empl_f; z_l_sh_routine33; z_l_task_outsource,Republican margin,Full controls
rep_margin,full_controls,main_1972_start,cluster_cz,es_2004,2004,1988,-0.005977009250014121,0.002601643428767704,-2.2973975541472242,0.021881699897368323,9386,722,z_l_shind_manuf_cbp; z_l_sh_popedu_c; z_l_sh_popfborn; z_l_sh_empl_f; z_l_sh_routine33; z_l_task_outsource,Republican margin,Full controls
rep_margin,full_controls,main_1972_start,cluster_cz,es_2008,2008,1988,-0.0016892689483080855,0.0029663103650566006,-0.5694848955145839,0.5692044940450764,9386,722,z_l_shind_manuf_cbp; z_l_sh_popedu_c; z_l_sh_popfborn; z_l_sh_empl_f; z_l_sh_routine33; z_l_task_outsource,Republican margin,Full controls
rep_margin,full_controls,main_1972_start,cluster_cz,es_2012,2012,1988,-0.0017450992245285658,0.0032708800926708284,-0.533525893669679,0.5938340203460508,9386,722,z_l_shind_manuf_cbp; z_l_sh_popedu_c; z_l_sh_popfborn; z_l_sh_empl_f; z_l_sh_routine33; z_l_task_outsource,Republican margin,Full controls
rep_margin,full_controls,main_1972_start,cluster_cz,es_2016,2016,1988,-0.001212556298236512,0.0028259262068897483,-0.42908278895614455,0.6679911543395771,9386,722,z_l_shind_manuf_cbp; z_l_sh_popedu_c; z_l_sh_popfborn; z_l_sh_empl_f; z_l_sh_routine33; z_l_task_outsource,Republican margin,Full controls
rep_margin,full_controls,main_1972_start,cluster_cz,es_2020,2020,1988,-0.001764224852796932,0.002855481795277551,-0.6178378919153469,0.5368772976705799,9386,722,z_l_shind_manuf_cbp; z_l_sh_popedu_c; z_l_sh_popfborn; z_l_sh_empl_f; z_l_sh_routine33; z_l_task_outsource,Republican margin,Full controls
rep_2party_share,minimal,main_1972_start,cluster_cz,es_1972,1972,1988,7.595294411464476e-5,9.496074134212094e-4,0.07998352060142874,0.9362725573609109,9386,722,none,Republican two-party share,Minimal
rep_2party_share,minimal,main_1972_start,cluster_cz,es_1976,1976,1988,-0.0037004899227663125,0.0019968914116784277,-1.8531252631588895,0.06427278079439984,9386,722,none,Republican two-party share,Minimal
rep_2party_share,minimal,main_1972_start,cluster_cz,es_1980,1980,1988,-0.00362924370632485,0.0019244930738187222,-1.88581801394766,0.059721231885280265,9386,722,none,Republican two-party share,Minimal
rep_2party_share,minimal,main_1972_start,cluster_cz,es_1984,1984,1988,-3.1302450044067617e-4,6.698245547111114e-4,-0.46732311952296296,0.6404099180007499,9386,722,none,Republican two-party share,Minimal
rep_2party_share,minimal,main_1972_start,cluster_cz,es_1992,1992,1988,-0.0016389485811667435,6.223277923966994e-4,-2.6335776759299945,0.008630174310754957,9386,722,none,Republican two-party share,Minimal
rep_2party_share,minimal,main_1972_start,cluster_cz,es_1996,1996,1988,-0.001188015748367243,0.001079863674920356,-1.100153450809301,0.27163244608562764,9386,722,none,Republican two-party share,Minimal
rep_2party_share,minimal,main_1972_start,cluster_cz,es_2000,2000,1988,-5.508854662845484e-4,0.001573173514882696,-0.3501746381266947,0.7263099102127059,9386,722,none,Republican two-party share,Minimal
rep_2party_share,minimal,main_1972_start,cluster_cz,es_2004,2004,1988,-2.4943817178320424e-4,0.0017085050935792703,-0.14599790935398282,0.8839638469198209,9386,722,none,Republican two-party share,Minimal
rep_2party_share,minimal,main_1972_start,cluster_cz,es_2008,2008,1988,0.001021409149693132,0.0020677222876757492,0.49397791752840303,0.6214722269221205,9386,722,none,Republican two-party share,Minimal
rep_2party_share,minimal,main_1972_start,cluster_cz,es_2012,2012,1988,0.0015134126629345714,0.0024491366960628013,0.6179371961424256,0.5368118701241329,9386,722,none,Republican two-party share,Minimal
rep_2party_share,minimal,main_1972_start,cluster_cz,es_2016,2016,1988,0.00418280907808201,0.0034357885022875422,1.217423329549273,0.22384148992246777,9386,722,none,Republican two-party share,Minimal
rep_2party_share,minimal,main_1972_start,cluster_cz,es_2020,2020,1988,0.00437181521553419,0.00309807800671796,1.4111378751775203,0.15863530946105045,9386,722,none,Republican two-party share,Minimal
rep_2party_share,core_controls,main_1972_start,cluster_cz,es_1972,1972,1988,0.0010276885494169318,0.0012532354586519505,0.8200283053931227,0.4124709757920425,9386,722,z_l_shind_manuf_cbp; z_l_sh_popedu_c; z_l_sh_popfborn,Republican two-party share,Core controls
rep_2party_share,core_controls,main_1972_start,cluster_cz,es_1976,1976,1988,-0.0025288967474200678,0.0014641076860223974,-1.7272614381872602,0.08454898596874078,9386,722,z_l_shind_manuf_cbp; z_l_sh_popedu_c; z_l_sh_popfborn,Republican two-party share,Core controls
rep_2party_share,core_controls,main_1972_start,cluster_cz,es_1980,1980,1988,-2.34973280573932e-4,0.0013056296323782862,-0.17996932265233093,0.8572272199735631,9386,722,z_l_shind_manuf_cbp; z_l_sh_popedu_c; z_l_sh_popfborn,Republican two-party share,Core controls
rep_2party_share,core_controls,main_1972_start,cluster_cz,es_1984,1984,1988,1.8684683446618068e-4,5.67989035186267e-4,0.3289620448481121,0.742279905383703,9386,722,z_l_shind_manuf_cbp; z_l_sh_popedu_c; z_l_sh_popfborn,Republican two-party share,Core controls
rep_2party_share,core_controls,main_1972_start,cluster_cz,es_1992,1992,1988,-0.0017202760030764837,6.735110232039128e-4,-2.5541913106233625,0.010847957206846486,9386,722,z_l_shind_manuf_cbp; z_l_sh_popedu_c; z_l_sh_popfborn,Republican two-party share,Core controls
rep_2party_share,core_controls,main_1972_start,cluster_cz,es_1996,1996,1988,-0.0019424483748584289,0.0012968759956127087,-1.4977903681074147,0.13462537671828667,9386,722,z_l_shind_manuf_cbp; z_l_sh_popedu_c; z_l_sh_popfborn,Republican two-party share,Core controls
rep_2party_share,core_controls,main_1972_start,cluster_cz,es_2000,2000,1988,-0.0014510756587384514,0.0014368748319505396,-1.0098831341966192,0.31289007025951615,9386,722,z_l_shind_manuf_cbp; z_l_sh_popedu_c; z_l_sh_popfborn,Republican two-party share,Core controls
rep_2party_share,core_controls,main_1972_start,cluster_cz,es_2004,2004,1988,-0.0014346865316034211,0.0012042987298085189,-1.1913045294264601,0.23392607050098563,9386,722,z_l_shind_manuf_cbp; z_l_sh_popedu_c; z_l_sh_popfborn,Republican two-party share,Core controls
rep_2party_share,core_controls,main_1972_start,cluster_cz,es_2008,2008,1988,4.965894771332868e-4,0.0013494482464904759,0.3679944587906741,0.7129853731154916,9386,722,z_l_shind_manuf_cbp; z_l_sh_popedu_c; z_l_sh_popfborn,Republican two-party share,Core controls
rep_2party_share,core_controls,main_1972_start,cluster_cz,es_2012,2012,1988,5.185289849391852e-4,0.0014430318829870392,0.3593330064654174,0.7194511961450186,9386,722,z_l_shind_manuf_cbp; z_l_sh_popedu_c; z_l_sh_popfborn,Republican two-party share,Core controls
rep_2party_share,core_controls,main_1972_start,cluster_cz,es_2016,2016,1988,4.1335329537153234e-4,0.001245478452340325,0.3318831366330087,0.7400739561321936,9386,722,z_l_shind_manuf_cbp; z_l_sh_popedu_c; z_l_sh_popfborn,Republican two-party share,Core controls
rep_2party_share,core_controls,main_1972_start,cluster_cz,es_2020,2020,1988,1.1784379489479264e-4,0.0013471717107412632,0.08747496251235165,0.9303182747060401,9386,722,z_l_shind_manuf_cbp; z_l_sh_popedu_c; z_l_sh_popfborn,Republican two-party share,Core controls
rep_2party_share,full_controls,main_1972_start,cluster_cz,es_1972,1972,1988,9.7856417682132e-4,0.0012093395650547888,0.809172382263857,0.41868293829151126,9386,722,z_l_shind_manuf_cbp; z_l_sh_popedu_c; z_l_sh_popfborn; z_l_sh_empl_f; z_l_sh_routine33; z_l_task_outsource,Republican two-party share,Full controls
rep_2party_share,full_controls,main_1972_start,cluster_cz,es_1976,1976,1988,-0.0018883325198318273,0.0014484780302848118,-1.3036666627663849,0.19276335550718637,9386,722,z_l_shind_manuf_cbp; z_l_sh_popedu_c; z_l_sh_popfborn; z_l_sh_empl_f; z_l_sh_routine33; z_l_task_outsource,Republican two-party share,Full controls
rep_2party_share,full_controls,main_1972_start,cluster_cz,es_1980,1980,1988,-6.56349960876248e-4,0.0011277176513264644,-0.582016216651592,0.5607376939204121,9386,722,z_l_shind_manuf_cbp; z_l_sh_popedu_c; z_l_sh_popfborn; z_l_sh_empl_f; z_l_sh_routine33; z_l_task_outsource,Republican two-party share,Full controls
rep_2party_share,full_controls,main_1972_start,cluster_cz,es_1984,1984,1988,-1.459811503294788e-4,5.7244541763326e-4,-0.25501322192957504,0.7987856097566168,9386,722,z_l_shind_manuf_cbp; z_l_sh_popedu_c; z_l_sh_popfborn; z_l_sh_empl_f; z_l_sh_routine33; z_l_task_outsource,Republican two-party share,Full controls
rep_2party_share,full_controls,main_1972_start,cluster_cz,es_1992,1992,1988,-0.0020339467953894427,7.052279620138355e-4,-2.884098341168072,0.004042379499561351,9386,722,z_l_shind_manuf_cbp; z_l_sh_popedu_c; z_l_sh_popfborn; z_l_sh_empl_f; z_l_sh_routine33; z_l_task_outsource,Republican two-party share,Full controls
rep_2party_share,full_controls,main_1972_start,cluster_cz,es_1996,1996,1988,-0.0033191752886078535,0.0012272163299101755,-2.704637485430785,0.006999242185204351,9386,722,z_l_shind_manuf_cbp; z_l_sh_popedu_c; z_l_sh_popfborn; z_l_sh_empl_f; z_l_sh_routine33; z_l_task_outsource,Republican two-party share,Full controls
rep_2party_share,full_controls,main_1972_start,cluster_cz,es_2000,2000,1988,-0.003417872390330365,0.0014060837635161039,-2.430774381309624,0.015309405177915151,9386,722,z_l_shind_manuf_cbp; z_l_sh_popedu_c; z_l_sh_popfborn; z_l_sh_empl_f; z_l_sh_routine33; z_l_task_outsource,Republican two-party share,Full controls
rep_2party_share,full_controls,main_1972_start,cluster_cz,es_2004,2004,1988,-0.002988504625007055,0.0013008217143838467,-2.297397554147229,0.021881699897368045,9386,722,z_l_shind_manuf_cbp; z_l_sh_popedu_c; z_l_sh_popfborn; z_l_sh_empl_f; z_l_sh_routine33; z_l_task_outsource,Republican two-party share,Full controls
rep_2party_share,full_controls,main_1972_start,cluster_cz,es_2008,2008,1988,-8.446344741540202e-4,0.0014831551825283038,-0.5694848955145674,0.5692044940450876,9386,722,z_l_shind_manuf_cbp; z_l_sh_popedu_c; z_l_sh_popfborn; z_l_sh_empl_f; z_l_sh_routine33; z_l_task_outsource,Republican two-party share,Full controls
rep_2party_share,full_controls,main_1972_start,cluster_cz,es_2012,2012,1988,-8.725496122642847e-4,0.0016354400463354176,-0.5335258936696788,0.593834020346051,9386,722,z_l_shind_manuf_cbp; z_l_sh_popedu_c; z_l_sh_popfborn; z_l_sh_empl_f; z_l_sh_routine33; z_l_task_outsource,Republican two-party share,Full controls
rep_2party_share,full_controls,main_1972_start,cluster_cz,es_2016,2016,1988,-6.06278149118256e-4,0.0014129631034448765,-0.4290827889561438,0.6679911543395773,9386,722,z_l_shind_manuf_cbp; z_l_sh_popedu_c; z_l_sh_popfborn; z_l_sh_empl_f; z_l_sh_routine33; z_l_task_outsource,Republican two-party share,Full controls
rep_2party_share,full_controls,main_1972_start,cluster_cz,es_2020,2020,1988,-8.821124263984487e-4,0.0014277408976387798,-0.6178378919153328,0.5368772976705893,9386,722,z_l_shind_manuf_cbp; z_l_sh_popedu_c; z_l_sh_popfborn; z_l_sh_empl_f; z_l_sh_routine33; z_l_task_outsource,Republican two-party share,Full controls
dem_2party_share,minimal,main_1972_start,cluster_cz,es_1972,1972,1988,-7.595294411463782e-5,9.496074134212072e-4,-0.07998352060142162,0.9362725573609165,9386,722,none,Democratic two-party share,Minimal
dem_2party_share,minimal,main_1972_start,cluster_cz,es_1976,1976,1988,0.0037004899227663134,0.0019968914116784337,1.8531252631588842,0.0642727807944006,9386,722,none,Democratic two-party share,Minimal
dem_2party_share,minimal,main_1972_start,cluster_cz,es_1980,1980,1988,0.0036292437063248544,0.001924493073818726,1.8858180139476584,0.05972123188528044,9386,722,none,Democratic two-party share,Minimal
dem_2party_share,minimal,main_1972_start,cluster_cz,es_1984,1984,1988,3.1302450044068137e-4,6.698245547111125e-4,0.46732311952296995,0.6404099180007448,9386,722,none,Democratic two-party share,Minimal
dem_2party_share,minimal,main_1972_start,cluster_cz,es_1992,1992,1988,0.0016389485811667548,6.223277923966922e-4,2.633577675930043,0.00863017431075373,9386,722,none,Democratic two-party share,Minimal
dem_2party_share,minimal,main_1972_start,cluster_cz,es_1996,1996,1988,0.0011880157483672516,0.0010798636749203515,1.1001534508093136,0.27163244608562215,9386,722,none,Democratic two-party share,Minimal
dem_2party_share,minimal,main_1972_start,cluster_cz,es_2000,2000,1988,5.508854662845519e-4,0.00157317351488269,0.3501746381266982,0.7263099102127033,9386,722,none,Democratic two-party share,Minimal
dem_2party_share,minimal,main_1972_start,cluster_cz,es_2004,2004,1988,2.494381717832112e-4,0.0017085050935792736,0.1459979093539866,0.8839638469198179,9386,722,none,Democratic two-party share,Minimal
dem_2party_share,minimal,main_1972_start,cluster_cz,es_2008,2008,1988,-0.0010214091496931216,0.0020677222876757436,-0.4939779175283993,0.621472226922123,9386,722,none,Democratic two-party share,Minimal
dem_2party_share,minimal,main_1972_start,cluster_cz,es_2012,2012,1988,-0.0015134126629345714,0.002449136696062792,-0.6179371961424279,0.5368118701241313,9386,722,none,Democratic two-party share,Minimal
dem_2party_share,minimal,main_1972_start,cluster_cz,es_2016,2016,1988,-0.004182809078082009,0.0034357885022875383,-1.217423329549274,0.22384148992246736,9386,722,none,Democratic two-party share,Minimal
dem_2party_share,minimal,main_1972_start,cluster_cz,es_2020,2020,1988,-0.004371815215534187,0.003098078006717952,-1.4111378751775232,0.15863530946104953,9386,722,none,Democratic two-party share,Minimal
dem_2party_share,core_controls,main_1972_start,cluster_cz,es_1972,1972,1988,-0.0010276885494169127,0.0012532354586519475,-0.8200283053931093,0.41247097579204994,9386,722,z_l_shind_manuf_cbp; z_l_sh_popedu_c; z_l_sh_popfborn,Democratic two-party share,Core controls
dem_2party_share,core_controls,main_1972_start,cluster_cz,es_1976,1976,1988,0.002528896747420052,0.0014641076860224032,1.7272614381872426,0.08454898596874393,9386,722,z_l_shind_manuf_cbp; z_l_sh_popedu_c; z_l_sh_popfborn,Democratic two-party share,Core controls
dem_2party_share,core_controls,main_1972_start,cluster_cz,es_1980,1980,1988,2.3497328057394328e-4,0.0013056296323782897,0.1799693226523391,0.8572272199735567,9386,722,z_l_shind_manuf_cbp; z_l_sh_popedu_c; z_l_sh_popfborn,Democratic two-party share,Core controls
dem_2party_share,core_controls,main_1972_start,cluster_cz,es_1984,1984,1988,-1.868468344661642e-4,5.679890351862709e-4,-0.32896204484808084,0.7422799053837266,9386,722,z_l_shind_manuf_cbp; z_l_sh_popedu_c; z_l_sh_popfborn,Democratic two-party share,Core controls
dem_2party_share,core_controls,main_1972_start,cluster_cz,es_1992,1992,1988,0.0017202760030764989,6.735110232039105e-4,2.5541913106233936,0.010847957206845537,9386,722,z_l_shind_manuf_cbp; z_l_sh_popedu_c; z_l_sh_popfborn,Democratic two-party share,Core controls
dem_2party_share,core_controls,main_1972_start,cluster_cz,es_1996,1996,1988,0.0019424483748584518,0.001296875995612706,1.4977903681074354,0.13462537671828134,9386,722,z_l_shind_manuf_cbp; z_l_sh_popedu_c; z_l_sh_popfborn,Democratic two-party share,Core controls
dem_2party_share,core_controls,main_1972_start,cluster_cz,es_2000,2000,1988,0.0014510756587384679,0.0014368748319505394,1.0098831341966308,0.31289007025951066,9386,722,z_l_shind_manuf_cbp; z_l_sh_popedu_c; z_l_sh_popfborn,Democratic two-party share,Core controls
dem_2party_share,core_controls,main_1972_start,cluster_cz,es_2004,2004,1988,0.0014346865316034467,0.0012042987298085213,1.191304529426479,0.23392607050097813,9386,722,z_l_shind_manuf_cbp; z_l_sh_popedu_c; z_l_sh_popfborn,Democratic two-party share,Core controls
dem_2party_share,core_controls,main_1972_start,cluster_cz,es_2008,2008,1988,-4.965894771332626e-4,0.001349448246490476,-0.36799445879065606,0.712985373115505,9386,722,z_l_shind_manuf_cbp; z_l_sh_popedu_c; z_l_sh_popfborn,Democratic two-party share,Core controls
dem_2party_share,core_controls,main_1972_start,cluster_cz,es_2012,2012,1988,-5.185289849391778e-4,0.0014430318829870372,-0.3593330064654128,0.719451196145022,9386,722,z_l_shind_manuf_cbp; z_l_sh_popedu_c; z_l_sh_popfborn,Democratic two-party share,Core controls
dem_2party_share,core_controls,main_1972_start,cluster_cz,es_2016,2016,1988,-4.1335329537152367e-4,0.0012454784523403253,-0.3318831366330017,0.7400739561321991,9386,722,z_l_shind_manuf_cbp; z_l_sh_popedu_c; z_l_sh_popfborn,Democratic two-party share,Core controls
dem_2party_share,core_controls,main_1972_start,cluster_cz,es_2020,2020,1988,-1.1784379489477789e-4,0.0013471717107412658,-0.08747496251234053,0.930318274706049,9386,722,z_l_shind_manuf_cbp; z_l_sh_popedu_c; z_l_sh_popfborn,Democratic two-party share,Core controls
dem_2party_share,full_controls,main_1972_start,cluster_cz,es_1972,1972,1988,-9.785641768212958e-4,0.0012093395650547845,-0.8091723822638398,0.41868293829152115,9386,722,z_l_shind_manuf_cbp; z_l_sh_popedu_c; z_l_sh_popfborn; z_l_sh_empl_f; z_l_sh_routine33; z_l_task_outsource,Democratic two-party share,Full controls
dem_2party_share,full_controls,main_1972_start,cluster_cz,es_1976,1976,1988,0.0018883325198318299,0.0014484780302848155,1.3036666627663835,0.19276335550718687,9386,722,z_l_shind_manuf_cbp; z_l_sh_popedu_c; z_l_sh_popfborn; z_l_sh_empl_f; z_l_sh_routine33; z_l_task_outsource,Democratic two-party share,Full controls
dem_2party_share,full_controls,main_1972_start,cluster_cz,es_1980,1980,1988,6.563499608762645e-4,0.0011277176513264631,0.5820162166516073,0.5607376939204018,9386,722,z_l_shind_manuf_cbp; z_l_sh_popedu_c; z_l_sh_popfborn; z_l_sh_empl_f; z_l_sh_routine33; z_l_task_outsource,Democratic two-party share,Full controls
dem_2party_share,full_controls,main_1972_start,cluster_cz,es_1984,1984,1988,1.459811503295022e-4,5.724454176332603e-4,0.2550132219296158,0.7987856097565854,9386,722,z_l_shind_manuf_cbp; z_l_sh_popedu_c; z_l_sh_popfborn; z_l_sh_empl_f; z_l_sh_routine33; z_l_task_outsource,Democratic two-party share,Full controls
dem_2party_share,full_controls,main_1972_start,cluster_cz,es_1992,1992,1988,0.0020339467953894496,7.052279620138293e-4,2.884098341168107,0.004042379499560905,9386,722,z_l_shind_manuf_cbp; z_l_sh_popedu_c; z_l_sh_popfborn; z_l_sh_empl_f; z_l_sh_routine33; z_l_task_outsource,Democratic two-party share,Full controls
dem_2party_share,full_controls,main_1972_start,cluster_cz,es_1996,1996,1988,0.0033191752886078665,0.0012272163299101697,2.7046374854308084,0.006999242185203861,9386,722,z_l_shind_manuf_cbp; z_l_sh_popedu_c; z_l_sh_popfborn; z_l_sh_empl_f; z_l_sh_routine33; z_l_task_outsource,Democratic two-party share,Full controls
dem_2party_share,full_controls,main_1972_start,cluster_cz,es_2000,2000,1988,0.0034178723903303815,0.0014060837635160995,2.430774381309643,0.01530940517791436,9386,722,z_l_shind_manuf_cbp; z_l_sh_popedu_c; z_l_sh_popfborn; z_l_sh_empl_f; z_l_sh_routine33; z_l_task_outsource,Democratic two-party share,Full controls
dem_2party_share,full_controls,main_1972_start,cluster_cz,es_2004,2004,1988,0.0029885046250070655,0.0013008217143838465,2.2973975541472376,0.02188169989736757,9386,722,z_l_shind_manuf_cbp; z_l_sh_popedu_c; z_l_sh_popfborn; z_l_sh_empl_f; z_l_sh_routine33; z_l_task_outsource,Democratic two-party share,Full controls
dem_2party_share,full_controls,main_1972_start,cluster_cz,es_2008,2008,1988,8.446344741540506e-4,0.0014831551825282932,0.5694848955145919,0.5692044940450709,9386,722,z_l_shind_manuf_cbp; z_l_sh_popedu_c; z_l_sh_popfborn; z_l_sh_empl_f; z_l_sh_routine33; z_l_task_outsource,Democratic two-party share,Full controls
dem_2party_share,full_controls,main_1972_start,cluster_cz,es_2012,2012,1988,8.725496122642742e-4,0.0016354400463354075,0.5335258936696758,0.5938340203460528,9386,722,z_l_shind_manuf_cbp; z_l_sh_popedu_c; z_l_sh_popfborn; z_l_sh_empl_f; z_l_sh_routine33; z_l_task_outsource,Democratic two-party share,Full controls
dem_2party_share,full_controls,main_1972_start,cluster_cz,es_2016,2016,1988,6.062781491182594e-4,0.0014129631034448676,0.429082788956149,0.6679911543395738,9386,722,z_l_shind_manuf_cbp; z_l_sh_popedu_c; z_l_sh_popfborn; z_l_sh_empl_f; z_l_sh_routine33; z_l_task_outsource,Democratic two-party share,Full controls
dem_2party_share,full_controls,main_1972_start,cluster_cz,es_2020,2020,1988,8.821124263984816e-4,0.0014277408976387737,0.6178378919153585,0.5368772976705722,9386,722,z_l_shind_manuf_cbp; z_l_sh_popedu_c; z_l_sh_popfborn; z_l_sh_empl_f; z_l_sh_routine33; z_l_task_outsource,Democratic two-party share,Full controls
two_party_votes_per_1990_pop,minimal,main_1972_start,cluster_cz,es_1972,1972,1988,0.0011521489962270683,0.0014642586111411366,0.7868480249736536,0.43162938941487106,9386,722,none,Two-party votes / 1990 population,Minimal
two_party_votes_per_1990_pop,minimal,main_1972_start,cluster_cz,es_1976,1976,1988,0.0015694223315309,0.0010668431515614533,1.4710900372129319,0.14170306055223994,9386,722,none,Two-party votes / 1990 population,Minimal
two_party_votes_per_1990_pop,minimal,main_1972_start,cluster_cz,es_1980,1980,1988,7.92574770530045e-4,9.149157209953696e-4,0.8662817266575926,0.38662386219738387,9386,722,none,Two-party votes / 1990 population,Minimal
two_party_votes_per_1990_pop,minimal,main_1972_start,cluster_cz,es_1984,1984,1988,-7.721166217987234e-5,4.4347112692504157e-4,-0.17410752919867806,0.861829829489204,9386,722,none,Two-party votes / 1990 population,Minimal
two_party_votes_per_1990_pop,minimal,main_1972_start,cluster_cz,es_1992,1992,1988,-3.3795946308700243e-4,6.655240407344515e-4,-0.5078095491697654,0.611742219596357,9386,722,none,Two-party votes / 1990 population,Minimal
two_party_votes_per_1990_pop,minimal,main_1972_start,cluster_cz,es_1996,1996,1988,-0.0015466101952769664,7.441124888795164e-4,-2.07846289155266,0.0380198701355421,9386,722,none,Two-party votes / 1990 population,Minimal
two_party_votes_per_1990_pop,minimal,main_1972_start,cluster_cz,es_2000,2000,1988,-0.001525032160725972,0.001069858741028502,-1.425451886535873,0.15445938131687967,9386,722,none,Two-party votes / 1990 population,Minimal
two_party_votes_per_1990_pop,minimal,main_1972_start,cluster_cz,es_2004,2004,1988,-0.002815447037864427,0.001681590148395953,-1.674276600960136,0.09450993577760254,9386,722,none,Two-party votes / 1990 population,Minimal
two_party_votes_per_1990_pop,minimal,main_1972_start,cluster_cz,es_2008,2008,1988,-0.00303124904539516,0.0022283953508409797,-1.360283328652247,0.1741654111858829,9386,722,none,Two-party votes / 1990 population,Minimal
two_party_votes_per_1990_pop,minimal,main_1972_start,cluster_cz,es_2012,2012,1988,-0.003587352656776416,0.0025715637183050875,-1.3950082711311673,0.1634429178215236,9386,722,none,Two-party votes / 1990 population,Minimal
two_party_votes_per_1990_pop,minimal,main_1972_start,cluster_cz,es_2016,2016,1988,-0.004050952981974773,0.0027869981117633886,-1.4535183805387135,0.14651499214900124,9386,722,none,Two-party votes / 1990 population,Minimal
two_party_votes_per_1990_pop,minimal,main_1972_start,cluster_cz,es_2020,2020,1988,-0.006024258657132887,0.0034641212837834834,-1.7390438046537573,0.08245386834997276,9386,722,none,Two-party votes / 1990 population,Minimal
two_party_votes_per_1990_pop,core_controls,main_1972_start,cluster_cz,es_1972,1972,1988,-0.002676534280594775,0.0014258053315954514,-1.8772087754783322,0.06089303249177269,9386,722,z_l_shind_manuf_cbp; z_l_sh_popedu_c; z_l_sh_popfborn,Two-party votes / 1990 population,Core controls
two_party_votes_per_1990_pop,core_controls,main_1972_start,cluster_cz,es_1976,1976,1988,-0.001999788613480284,0.001091973096526726,-1.8313533729366374,0.06746028785976846,9386,722,z_l_shind_manuf_cbp; z_l_sh_popedu_c; z_l_sh_popfborn,Two-party votes / 1990 population,Core controls
two_party_votes_per_1990_pop,core_controls,main_1972_start,cluster_cz,es_1980,1980,1988,-0.0023097949023641587,7.677658473730871e-4,-3.0084626846415845,0.002717164309114863,9386,722,z_l_shind_manuf_cbp; z_l_sh_popedu_c; z_l_sh_popfborn,Two-party votes / 1990 population,Core controls
two_party_votes_per_1990_pop,core_controls,main_1972_start,cluster_cz,es_1984,1984,1988,-0.0012745346956136187,4.25435759089334e-4,-2.995833491622384,0.0028307952993570995,9386,722,z_l_shind_manuf_cbp; z_l_sh_popedu_c; z_l_sh_popfborn,Two-party votes / 1990 population,Core controls
two_party_votes_per_1990_pop,core_controls,main_1972_start,cluster_cz,es_1992,1992,1988,3.0870073944994916e-4,7.573408127045408e-4,0.4076113874644462,0.6836800011018551,9386,722,z_l_shind_manuf_cbp; z_l_sh_popedu_c; z_l_sh_popfborn,Two-party votes / 1990 population,Core controls
two_party_votes_per_1990_pop,core_controls,main_1972_start,cluster_cz,es_1996,1996,1988,4.548734821343246e-4,8.690477832065462e-4,0.5234159627632523,0.6008456466781519,9386,722,z_l_shind_manuf_cbp; z_l_sh_popedu_c; z_l_sh_popfborn,Two-party votes / 1990 population,Core controls
two_party_votes_per_1990_pop,core_controls,main_1972_start,cluster_cz,es_2000,2000,1988,3.247113702814842e-4,0.0012061424047659238,0.2692147867436109,0.7878414238470086,9386,722,z_l_shind_manuf_cbp; z_l_sh_popedu_c; z_l_sh_popfborn,Two-party votes / 1990 population,Core controls
two_party_votes_per_1990_pop,core_controls,main_1972_start,cluster_cz,es_2004,2004,1988,0.0016374981318398258,0.0017588430216459307,0.9310086867828887,0.35216069378720705,9386,722,z_l_shind_manuf_cbp; z_l_sh_popedu_c; z_l_sh_popfborn,Two-party votes / 1990 population,Core controls
two_party_votes_per_1990_pop,core_controls,main_1972_start,cluster_cz,es_2008,2008,1988,0.0029102115701505377,0.0023711714681320653,1.2273307136421945,0.2200988940794713,9386,722,z_l_shind_manuf_cbp; z_l_sh_popedu_c; z_l_sh_popfborn,Two-party votes / 1990 population,Core controls
two_party_votes_per_1990_pop,core_controls,main_1972_start,cluster_cz,es_2012,2012,1988,0.003161199177717483,0.002665020869771621,1.186181771998049,0.23594125865287255,9386,722,z_l_shind_manuf_cbp; z_l_sh_popedu_c; z_l_sh_popfborn,Two-party votes / 1990 population,Core controls
two_party_votes_per_1990_pop,core_controls,main_1972_start,cluster_cz,es_2016,2016,1988,0.004893502717884088,0.003067698109850154,1.5951708879603927,0.11111224131981375,9386,722,z_l_shind_manuf_cbp; z_l_sh_popedu_c; z_l_sh_popfborn,Two-party votes / 1990 population,Core controls
two_party_votes_per_1990_pop,core_controls,main_1972_start,cluster_cz,es_2020,2020,1988,0.00613367565649922,0.004137591058381033,1.4824267478234594,0.13866371431758662,9386,722,z_l_shind_manuf_cbp; z_l_sh_popedu_c; z_l_sh_popfborn,Two-party votes / 1990 population,Core controls
two_party_votes_per_1990_pop,full_controls,main_1972_start,cluster_cz,es_1972,1972,1988,-8.638440181230338e-4,0.001253844870535618,-0.6889560570232396,0.4910725591710041,9386,722,z_l_shind_manuf_cbp; z_l_sh_popedu_c; z_l_sh_popfborn; z_l_sh_empl_f; z_l_sh_routine33; z_l_task_outsource,Two-party votes / 1990 population,Full controls
two_party_votes_per_1990_pop,full_controls,main_1972_start,cluster_cz,es_1976,1976,1988,-8.613291113878873e-4,9.45837180178177e-4,-0.9106526254610016,0.362782774546087,9386,722,z_l_shind_manuf_cbp; z_l_sh_popedu_c; z_l_sh_popfborn; z_l_sh_empl_f; z_l_sh_routine33; z_l_task_outsource,Two-party votes / 1990 population,Full controls
two_party_votes_per_1990_pop,full_controls,main_1972_start,cluster_cz,es_1980,1980,1988,-0.0018372023859566954,6.344555395432627e-4,-2.895714942104968,0.0038974055743869807,9386,722,z_l_shind_manuf_cbp; z_l_sh_popedu_c; z_l_sh_popfborn; z_l_sh_empl_f; z_l_sh_routine33; z_l_task_outsource,Two-party votes / 1990 population,Full controls
two_party_votes_per_1990_pop,full_controls,main_1972_start,cluster_cz,es_1984,1984,1988,-9.00529792539444e-4,3.951064021899019e-4,-2.279208303252495,0.022946118549879265,9386,722,z_l_shind_manuf_cbp; z_l_sh_popedu_c; z_l_sh_popfborn; z_l_sh_empl_f; z_l_sh_routine33; z_l_task_outsource,Two-party votes / 1990 population,Full controls
two_party_votes_per_1990_pop,full_controls,main_1972_start,cluster_cz,es_1992,1992,1988,2.676935230058507e-4,6.900092511502443e-4,0.3879564260328482,0.6981627917284392,9386,722,z_l_shind_manuf_cbp; z_l_sh_popedu_c; z_l_sh_popfborn; z_l_sh_empl_f; z_l_sh_routine33; z_l_task_outsource,Two-party votes / 1990 population,Full controls
two_party_votes_per_1990_pop,full_controls,main_1972_start,cluster_cz,es_1996,1996,1988,-1.1794044725502075e-4,8.3669963089072e-4,-0.1409591242791223,0.8879416063142026,9386,722,z_l_shind_manuf_cbp; z_l_sh_popedu_c; z_l_sh_popfborn; z_l_sh_empl_f; z_l_sh_routine33; z_l_task_outsource,Two-party votes / 1990 population,Full controls
two_party_votes_per_1990_pop,full_controls,main_1972_start,cluster_cz,es_2000,2000,1988,-4.965777056376405e-4,0.0012100131422345198,-0.41039034065416446,0.6816415529676485,9386,722,z_l_shind_manuf_cbp; z_l_sh_popedu_c; z_l_sh_popfborn; z_l_sh_empl_f; z_l_sh_routine33; z_l_task_outsource,Two-party votes / 1990 population,Full controls
two_party_votes_per_1990_pop,full_controls,main_1972_start,cluster_cz,es_2004,2004,1988,5.723348841890825e-4,0.0017325697841958192,0.3303387196347387,0.7412400029391292,9386,722,z_l_shind_manuf_cbp; z_l_sh_popedu_c; z_l_sh_popfborn; z_l_sh_empl_f; z_l_sh_routine33; z_l_task_outsource,Two-party votes / 1990 population,Full controls
two_party_votes_per_1990_pop,full_controls,main_1972_start,cluster_cz,es_2008,2008,1988,0.0014648242221233904,0.0022442781582552086,0.6526928120452784,0.5141623838912335,9386,722,z_l_shind_manuf_cbp; z_l_sh_popedu_c; z_l_sh_popfborn; z_l_sh_empl_f; z_l_sh_routine33; z_l_task_outsource,Two-party votes / 1990 population,Full controls
two_party_votes_per_1990_pop,full_controls,main_1972_start,cluster_cz,es_2012,2012,1988,0.0010444738267796332,0.0024950405111381804,0.4186199871773497,0.6756185469948243,9386,722,z_l_shind_manuf_cbp; z_l_sh_popedu_c; z_l_sh_popfborn; z_l_sh_empl_f; z_l_sh_routine33; z_l_task_outsource,Two-party votes / 1990 population,Full controls
two_party_votes_per_1990_pop,full_controls,main_1972_start,cluster_cz,es_2016,2016,1988,0.002545119868921197,0.002832023969302095,0.8986929123867546,0.36911627466090746,9386,722,z_l_shind_manuf_cbp; z_l_sh_popedu_c; z_l_sh_popfborn; z_l_sh_empl_f; z_l_sh_routine33; z_l_task_outsource,Two-party votes / 1990 population,Full controls
two_party_votes_per_1990_pop,full_controls,main_1972_start,cluster_cz,es_2020,2020,1988,0.0027445354127597016,0.003961032560296184,0.6928838304107453,0.4886055732563295,9386,722,z_l_shind_manuf_cbp; z_l_sh_popedu_c; z_l_sh_popfborn; z_l_sh_empl_f; z_l_sh_routine33; z_l_task_outsource,Two-party votes / 1990 population,Full controls
total_votes_per_1990_pop,minimal,main_1972_start,cluster_cz,es_1972,1972,1988,0.0011008767897785193,0.0014426570843308012,0.763089719473549,0.44565948959610646,9386,722,none,Total votes / 1990 population,Minimal
total_votes_per_1990_pop,minimal,main_1972_start,cluster_cz,es_1976,1976,1988,0.001654197828963891,0.001060574717299257,1.559718331940148,0.1192652641487288,9386,722,none,Total votes / 1990 population,Minimal
total_votes_per_1990_pop,minimal,main_1972_start,cluster_cz,es_1980,1980,1988,0.0011355470387048568,7.530931805511521e-4,1.5078440065992968,0.13203248634237175,9386,722,none,Total votes / 1990 population,Minimal
total_votes_per_1990_pop,minimal,main_1972_start,cluster_cz,es_1984,1984,1988,-2.182342835189543e-5,4.5157294693830903e-4,-0.048327581401542204,0.961468556968534,9386,722,none,Total votes / 1990 population,Minimal
total_votes_per_1990_pop,minimal,main_1972_start,cluster_cz,es_1992,1992,1988,-1.4970530822067552e-4,5.747014812288059e-4,-0.2604922957577577,0.7945584342850477,9386,722,none,Total votes / 1990 population,Minimal
total_votes_per_1990_pop,minimal,main_1972_start,cluster_cz,es_1996,1996,1988,-0.0010185641256897173,7.554010844868763e-4,-1.3483752493969487,0.17796113162649246,9386,722,none,Total votes / 1990 population,Minimal
total_votes_per_1990_pop,minimal,main_1972_start,cluster_cz,es_2000,2000,1988,-0.0014296097571351242,0.001038683871110271,-1.376366570135516,0.16913546512465247,9386,722,none,Total votes / 1990 population,Minimal
total_votes_per_1990_pop,minimal,main_1972_start,cluster_cz,es_2004,2004,1988,-0.002851294568306501,0.001692125989974249,-1.685036802933269,0.09241420628827561,9386,722,none,Total votes / 1990 population,Minimal
total_votes_per_1990_pop,minimal,main_1972_start,cluster_cz,es_2008,2008,1988,-0.002992326802754705,0.0022537203135356153,-1.327727662027579,0.1846882924432767,9386,722,none,Total votes / 1990 population,Minimal
total_votes_per_1990_pop,minimal,main_1972_start,cluster_cz,es_2012,2012,1988,-0.0035466551809452923,0.0026088820212673337,-1.3594540312798087,0.17442777241005436,9386,722,none,Total votes / 1990 population,Minimal
total_votes_per_1990_pop,minimal,main_1972_start,cluster_cz,es_2016,2016,1988,-0.004486829891518218,0.0029582501536737364,-1.5167175385577847,0.1297763162241268,9386,722,none,Total votes / 1990 population,Minimal
total_votes_per_1990_pop,minimal,main_1972_start,cluster_cz,es_2020,2020,1988,-0.005627859546463854,0.0035854944191051064,-1.5696188275949112,0.11694254766066373,9386,722,none,Total votes / 1990 population,Minimal
total_votes_per_1990_pop,core_controls,main_1972_start,cluster_cz,es_1972,1972,1988,-0.0029861747382965006,0.0014174628304417468,-2.1067040871652845,0.03548815575916908,9386,722,z_l_shind_manuf_cbp; z_l_sh_popedu_c; z_l_sh_popfborn,Total votes / 1990 population,Core controls
total_votes_per_1990_pop,core_controls,main_1972_start,cluster_cz,es_1976,1976,1988,-0.002034467933385621,0.0011151719943568745,-1.8243535021330133,0.06851238060899575,9386,722,z_l_shind_manuf_cbp; z_l_sh_popedu_c; z_l_sh_popfborn,Total votes / 1990 population,Core controls
total_votes_per_1990_pop,core_controls,main_1972_start,cluster_cz,es_1980,1980,1988,-0.002118855991486521,8.352339144700751e-4,-2.5368414222390103,0.011395500991539388,9386,722,z_l_shind_manuf_cbp; z_l_sh_popedu_c; z_l_sh_popfborn,Total votes / 1990 population,Core controls
total_votes_per_1990_pop,core_controls,main_1972_start,cluster_cz,es_1984,1984,1988,-0.0012960231867816083,4.3011374942055467e-4,-3.013210315939909,0.002675538836849376,9386,722,z_l_shind_manuf_cbp; z_l_sh_popedu_c; z_l_sh_popfborn,Total votes / 1990 population,Core controls
total_votes_per_1990_pop,core_controls,main_1972_start,cluster_cz,es_1992,1992,1988,2.827334265925808e-4,6.175805109915037e-4,0.457808207287277,0.6472281706774637,9386,722,z_l_shind_manuf_cbp; z_l_sh_popedu_c; z_l_sh_popfborn,Total votes / 1990 population,Core controls
total_votes_per_1990_pop,core_controls,main_1972_start,cluster_cz,es_1996,1996,1988,7.664365896301761e-4,8.887208210255999e-4,0.8624042235734889,0.3887518659712087,9386,722,z_l_shind_manuf_cbp; z_l_sh_popedu_c; z_l_sh_popfborn,Total votes / 1990 population,Core controls
total_votes_per_1990_pop,core_controls,main_1972_start,cluster_cz,es_2000,2000,1988,7.762059898633531e-4,0.0011731777179676398,0.6616269453259114,0.5084217200546874,9386,722,z_l_shind_manuf_cbp; z_l_sh_popedu_c; z_l_sh_popfborn,Total votes / 1990 population,Core controls
total_votes_per_1990_pop,core_controls,main_1972_start,cluster_cz,es_2004,2004,1988,0.0016396882335533377,0.0017691803833602378,0.9268067004219472,0.3543370333033956,9386,722,z_l_shind_manuf_cbp; z_l_sh_popedu_c; z_l_sh_popfborn,Total votes / 1990 population,Core controls
total_votes_per_1990_pop,core_controls,main_1972_start,cluster_cz,es_2008,2008,1988,0.0028781165706103034,0.0023910744071688906,1.2036917638284985,0.22910378075165255,9386,722,z_l_shind_manuf_cbp; z_l_sh_popedu_c; z_l_sh_popfborn,Total votes / 1990 population,Core controls
total_votes_per_1990_pop,core_controls,main_1972_start,cluster_cz,es_2012,2012,1988,0.003301696464955955,0.0027262260355516202,1.2110868364911258,0.2262589363555662,9386,722,z_l_shind_manuf_cbp; z_l_sh_popedu_c; z_l_sh_popfborn,Total votes / 1990 population,Core controls
total_votes_per_1990_pop,core_controls,main_1972_start,cluster_cz,es_2016,2016,1988,0.005130674509858914,0.003301998456655272,1.5538088758091007,0.12066882921613997,9386,722,z_l_shind_manuf_cbp; z_l_sh_popedu_c; z_l_sh_popfborn,Total votes / 1990 population,Core controls
total_votes_per_1990_pop,core_controls,main_1972_start,cluster_cz,es_2020,2020,1988,0.006937820920643593,0.004375793206126792,1.5855001810710716,0.11329120125307256,9386,722,z_l_shind_manuf_cbp; z_l_sh_popedu_c; z_l_sh_popfborn,Total votes / 1990 population,Core controls
total_votes_per_1990_pop,full_controls,main_1972_start,cluster_cz,es_1972,1972,1988,-0.0011920604760015776,0.0012342112037349333,-0.9658480431827223,0.3344440704846101,9386,722,z_l_shind_manuf_cbp; z_l_sh_popedu_c; z_l_sh_popfborn; z_l_sh_empl_f; z_l_sh_routine33; z_l_task_outsource,Total votes / 1990 population,Full controls
total_votes_per_1990_pop,full_controls,main_1972_start,cluster_cz,es_1976,1976,1988,-8.884022308420186e-4,9.661601416702314e-4,-0.9195186103477729,0.35813190059856115,9386,722,z_l_shind_manuf_cbp; z_l_sh_popedu_c; z_l_sh_popfborn; z_l_sh_empl_f; z_l_sh_routine33; z_l_task_outsource,Total votes / 1990 population,Full controls
total_votes_per_1990_pop,full_controls,main_1972_start,cluster_cz,es_1980,1980,1988,-0.0016136726406169159,7.334892821500544e-4,-2.199994846396129,0.02812379958122113,9386,722,z_l_shind_manuf_cbp; z_l_sh_popedu_c; z_l_sh_popfborn; z_l_sh_empl_f; z_l_sh_routine33; z_l_task_outsource,Total votes / 1990 population,Full controls
total_votes_per_1990_pop,full_controls,main_1972_start,cluster_cz,es_1984,1984,1988,-9.100996720587469e-4,3.987684469056323e-4,-2.2822760404463995,0.02276349815738243,9386,722,z_l_shind_manuf_cbp; z_l_sh_popedu_c; z_l_sh_popfborn; z_l_sh_empl_f; z_l_sh_routine33; z_l_task_outsource,Total votes / 1990 population,Full controls
total_votes_per_1990_pop,full_controls,main_1972_start,cluster_cz,es_1992,1992,1988,-9.550870896848744e-5,6.203161082004428e-4,-0.1539678040048989,0.8776782064694119,9386,722,z_l_shind_manuf_cbp; z_l_sh_popedu_c; z_l_sh_popfborn; z_l_sh_empl_f; z_l_sh_routine33; z_l_task_outsource,Total votes / 1990 population,Full controls
total_votes_per_1990_pop,full_controls,main_1972_start,cluster_cz,es_1996,1996,1988,4.713107303672571e-5,8.71771411037966e-4,0.05406356808674141,0.9568994946084061,9386,722,z_l_shind_manuf_cbp; z_l_sh_popedu_c; z_l_sh_popfborn; z_l_sh_empl_f; z_l_sh_routine33; z_l_task_outsource,Total votes / 1990 population,Full controls
total_votes_per_1990_pop,full_controls,main_1972_start,cluster_cz,es_2000,2000,1988,-1.7034999146571875e-4,0.0011812946349549058,-0.14420618398239116,0.8853779551084813,9386,722,z_l_shind_manuf_cbp; z_l_sh_popedu_c; z_l_sh_popfborn; z_l_sh_empl_f; z_l_sh_routine33; z_l_task_outsource,Total votes / 1990 population,Full controls
total_votes_per_1990_pop,full_controls,main_1972_start,cluster_cz,es_2004,2004,1988,5.61094293733899e-4,0.00174450422212131,0.32163538879350523,0.7478221522699147,9386,722,z_l_shind_manuf_cbp; z_l_sh_popedu_c; z_l_sh_popfborn; z_l_sh_empl_f; z_l_sh_routine33; z_l_task_outsource,Total votes / 1990 population,Full controls
total_votes_per_1990_pop,full_controls,main_1972_start,cluster_cz,es_2008,2008,1988,0.0013910849498813957,0.0022656872868715683,0.6139792362088008,0.5394227174610957,9386,722,z_l_shind_manuf_cbp; z_l_sh_popedu_c; z_l_sh_popfborn; z_l_sh_empl_f; z_l_sh_routine33; z_l_task_outsource,Total votes / 1990 population,Full controls
total_votes_per_1990_pop,full_controls,main_1972_start,cluster_cz,es_2012,2012,1988,0.0010913858202182768,0.0025554944515059582,0.4270742280716442,0.6694527653063835,9386,722,z_l_shind_manuf_cbp; z_l_sh_popedu_c; z_l_sh_popfborn; z_l_sh_empl_f; z_l_sh_routine33; z_l_task_outsource,Total votes / 1990 population,Full controls
total_votes_per_1990_pop,full_controls,main_1972_start,cluster_cz,es_2016,2016,1988,0.0024249122818229703,0.0030680245600913014,0.790382291382572,0.4295644240223452,9386,722,z_l_shind_manuf_cbp; z_l_sh_popedu_c; z_l_sh_popfborn; z_l_sh_empl_f; z_l_sh_routine33; z_l_task_outsource,Total votes / 1990 population,Full controls
total_votes_per_1990_pop,full_controls,main_1972_start,cluster_cz,es_2020,2020,1988,0.00338845242749004,0.0041993237900015985,0.806904301010985,0.4199877101529509,9386,722,z_l_shind_manuf_cbp; z_l_sh_popedu_c; z_l_sh_popfborn; z_l_sh_empl_f; z_l_sh_routine33; z_l_task_outsource,Total votes / 1990 population,Full controls
rep_votes_per_1990_pop,minimal,main_1972_start,cluster_cz,es_1972,1972,1988,6.143153201022546e-4,9.652772428183204e-4,0.6364133461891611,0.5247090254982323,9386,722,none,Republican votes / 1990 population,Minimal
rep_votes_per_1990_pop,minimal,main_1972_start,cluster_cz,es_1976,1976,1988,-5.033433668343123e-4,7.311200563918299e-4,-0.6884551482808112,0.4913876551490245,9386,722,none,Republican votes / 1990 population,Minimal
rep_votes_per_1990_pop,minimal,main_1972_start,cluster_cz,es_1980,1980,1988,-8.363424855838163e-4,5.065672301227699e-4,-1.6509999775965043,0.09917404915274113,9386,722,none,Republican votes / 1990 population,Minimal
rep_votes_per_1990_pop,minimal,main_1972_start,cluster_cz,es_1984,1984,1988,-7.895201976630358e-5,3.29203848248435e-4,-0.23982714718061898,0.8105324257469987,9386,722,none,Republican votes / 1990 population,Minimal
rep_votes_per_1990_pop,minimal,main_1972_start,cluster_cz,es_1992,1992,1988,-6.812982933556582e-4,3.5086982475702685e-4,-1.9417409115401962,0.05255767119235857,9386,722,none,Republican votes / 1990 population,Minimal
rep_votes_per_1990_pop,minimal,main_1972_start,cluster_cz,es_1996,1996,1988,-0.0012641432817529785,5.51292459250763e-4,-2.2930538238651392,0.022131899694588435,9386,722,none,Republican votes / 1990 population,Minimal
rep_votes_per_1990_pop,minimal,main_1972_start,cluster_cz,es_2000,2000,1988,-7.651864477153572e-4,9.377966982810768e-4,-0.8159406501621264,0.4148035564486152,9386,722,none,Republican votes / 1990 population,Minimal
rep_votes_per_1990_pop,minimal,main_1972_start,cluster_cz,es_2004,2004,1988,-0.0010249402685896046,0.0014089511796588552,-0.7274491007117578,0.46718702997383244,9386,722,none,Republican votes / 1990 population,Minimal
rep_votes_per_1990_pop,minimal,main_1972_start,cluster_cz,es_2008,2008,1988,-1.461640525899688e-4,0.0016363456112328005,-0.08932346051263021,0.9288496556013683,9386,722,none,Republican votes / 1990 population,Minimal
rep_votes_per_1990_pop,minimal,main_1972_start,cluster_cz,es_2012,2012,1988,-2.526099669812943e-4,0.0018561217158728507,-0.13609558296800767,0.8917837085826974,9386,722,none,Republican votes / 1990 population,Minimal
rep_votes_per_1990_pop,minimal,main_1972_start,cluster_cz,es_2016,2016,1988,8.344435507114588e-4,0.002244988444222079,0.371691690823204,0.7102316178153474,9386,722,none,Republican votes / 1990 population,Minimal
rep_votes_per_1990_pop,minimal,main_1972_start,cluster_cz,es_2020,2020,1988,5.33401816994139e-4,0.00255466951775914,0.20879484147993396,0.8346673713580683,9386,722,none,Republican votes / 1990 population,Minimal
rep_votes_per_1990_pop,core_controls,main_1972_start,cluster_cz,es_1972,1972,1988,-0.0015647937434964947,8.625465506730785e-4,-1.8141557024086705,0.07006928093809017,9386,722,z_l_shind_manuf_cbp; z_l_sh_popedu_c; z_l_sh_popfborn,Republican votes / 1990 population,Core controls
rep_votes_per_1990_pop,core_controls,main_1972_start,cluster_cz,es_1976,1976,1988,-0.0021539732644147965,8.145825035894493e-4,-2.644266547493146,0.008364891822879472,9386,722,z_l_shind_manuf_cbp; z_l_sh_popedu_c; z_l_sh_popfborn,Republican votes / 1990 population,Core controls
rep_votes_per_1990_pop,core_controls,main_1972_start,cluster_cz,es_1980,1980,1988,-0.0016471536589433649,6.059043645507275e-4,-2.7185043635800743,0.006715403074641002,9386,722,z_l_shind_manuf_cbp; z_l_sh_popedu_c; z_l_sh_popfborn,Republican votes / 1990 population,Core controls
rep_votes_per_1990_pop,core_controls,main_1972_start,cluster_cz,es_1984,1984,1988,-7.212112361982086e-4,3.403257826843867e-4,-2.1191789540877943,0.034416574307176644,9386,722,z_l_shind_manuf_cbp; z_l_sh_popedu_c; z_l_sh_popfborn,Republican votes / 1990 population,Core controls
rep_votes_per_1990_pop,core_controls,main_1972_start,cluster_cz,es_1992,1992,1988,-4.1867423791192905e-4,4.0238198757445775e-4,-1.0404895120571382,0.2984613130568897,9386,722,z_l_shind_manuf_cbp; z_l_sh_popedu_c; z_l_sh_popfborn,Republican votes / 1990 population,Core controls
rep_votes_per_1990_pop,core_controls,main_1972_start,cluster_cz,es_1996,1996,1988,-4.892611581527612e-4,7.047775439855148e-4,-0.6942065086041064,0.48777632461116804,9386,722,z_l_shind_manuf_cbp; z_l_sh_popedu_c; z_l_sh_popfborn,Republican votes / 1990 population,Core controls
rep_votes_per_1990_pop,core_controls,main_1972_start,cluster_cz,es_2000,2000,1988,-2.1761900071993632e-4,9.168708528330507e-4,-0.2373496769447002,0.8124529516812959,9386,722,z_l_shind_manuf_cbp; z_l_sh_popedu_c; z_l_sh_popfborn,Republican votes / 1990 population,Core controls
rep_votes_per_1990_pop,core_controls,main_1972_start,cluster_cz,es_2004,2004,1988,6.615917986057165e-4,0.0012114021775332313,0.5461372043699894,0.5851405723700147,9386,722,z_l_shind_manuf_cbp; z_l_sh_popedu_c; z_l_sh_popfborn,Republican votes / 1990 population,Core controls
rep_votes_per_1990_pop,core_controls,main_1972_start,cluster_cz,es_2008,2008,1988,0.002109028304214798,0.0014493418180612557,1.455162804200314,0.14605942754573906,9386,722,z_l_shind_manuf_cbp; z_l_sh_popedu_c; z_l_sh_popfborn,Republican votes / 1990 population,Core controls
rep_votes_per_1990_pop,core_controls,main_1972_start,cluster_cz,es_2012,2012,1988,0.002218329336234505,0.0016003306652958389,1.386169361332848,0.1661237169136714,9386,722,z_l_shind_manuf_cbp; z_l_sh_popedu_c; z_l_sh_popfborn,Republican votes / 1990 population,Core controls
rep_votes_per_1990_pop,core_controls,main_1972_start,cluster_cz,es_2016,2016,1988,0.002971133110016762,0.001630285603963412,1.8224617225310678,0.06879902681210477,9386,722,z_l_shind_manuf_cbp; z_l_sh_popedu_c; z_l_sh_popfborn,Republican votes / 1990 population,Core controls
rep_votes_per_1990_pop,core_controls,main_1972_start,cluster_cz,es_2020,2020,1988,0.003314994000029993,0.002131586691769736,1.5551767201538214,0.12034280338354847,9386,722,z_l_shind_manuf_cbp; z_l_sh_popedu_c; z_l_sh_popfborn,Republican votes / 1990 population,Core controls
rep_votes_per_1990_pop,full_controls,main_1972_start,cluster_cz,es_1972,1972,1988,-4.759190587043673e-4,8.636547743148583e-4,-0.551052426106156,0.5817684488589796,9386,722,z_l_shind_manuf_cbp; z_l_sh_popedu_c; z_l_sh_popfborn; z_l_sh_empl_f; z_l_sh_routine33; z_l_task_outsource,Republican votes / 1990 population,Full controls
rep_votes_per_1990_pop,full_controls,main_1972_start,cluster_cz,es_1976,1976,1988,-0.0014274089317082156,7.927058165309085e-4,-1.8006792708484678,0.0721712429871039,9386,722,z_l_shind_manuf_cbp; z_l_sh_popedu_c; z_l_sh_popfborn; z_l_sh_empl_f; z_l_sh_routine33; z_l_task_outsource,Republican votes / 1990 population,Full controls
rep_votes_per_1990_pop,full_controls,main_1972_start,cluster_cz,es_1980,1980,1988,-0.001595822236772672,5.837756844385511e-4,-2.7336223130078827,0.0064178058719303365,9386,722,z_l_shind_manuf_cbp; z_l_sh_popedu_c; z_l_sh_popfborn; z_l_sh_empl_f; z_l_sh_routine33; z_l_task_outsource,Republican votes / 1990 population,Full controls
rep_votes_per_1990_pop,full_controls,main_1972_start,cluster_cz,es_1984,1984,1988,-6.851159684092343e-4,3.464560849128167e-4,-1.9774972882396886,0.048365886441462724,9386,722,z_l_shind_manuf_cbp; z_l_sh_popedu_c; z_l_sh_popfborn; z_l_sh_empl_f; z_l_sh_routine33; z_l_task_outsource,Republican votes / 1990 population,Full controls
rep_votes_per_1990_pop,full_controls,main_1972_start,cluster_cz,es_1992,1992,1988,-5.179069398701104e-4,3.8005590741815913e-4,-1.3627125108735114,0.1733986009710181,9386,722,z_l_shind_manuf_cbp; z_l_sh_popedu_c; z_l_sh_popfborn; z_l_sh_empl_f; z_l_sh_routine33; z_l_task_outsource,Republican votes / 1990 population,Full controls
rep_votes_per_1990_pop,full_controls,main_1972_start,cluster_cz,es_1996,1996,1988,-0.0012041718233629611,6.434958757715847e-4,-1.8712968780399672,0.06170870307856615,9386,722,z_l_shind_manuf_cbp; z_l_sh_popedu_c; z_l_sh_popfborn; z_l_sh_empl_f; z_l_sh_routine33; z_l_task_outsource,Republican votes / 1990 population,Full controls
rep_votes_per_1990_pop,full_controls,main_1972_start,cluster_cz,es_2000,2000,1988,-0.0013961919067167388,9.077437350443206e-4,-1.538090380374335,0.12446523847604911,9386,722,z_l_shind_manuf_cbp; z_l_sh_popedu_c; z_l_sh_popfborn; z_l_sh_empl_f; z_l_sh_routine33; z_l_task_outsource,Republican votes / 1990 population,Full controls
rep_votes_per_1990_pop,full_controls,main_1972_start,cluster_cz,es_2004,2004,1988,-5.504380036655526e-4,0.0012207949696224727,-0.45088488842297075,0.6522080807144423,9386,722,z_l_shind_manuf_cbp; z_l_sh_popedu_c; z_l_sh_popfborn; z_l_sh_empl_f; z_l_sh_routine33; z_l_task_outsource,Republican votes / 1990 population,Full controls
rep_votes_per_1990_pop,full_controls,main_1972_start,cluster_cz,es_2008,2008,1988,8.830317143696045e-4,0.0014160373586625846,0.6235935153600807,0.5330917946744582,9386,722,z_l_shind_manuf_cbp; z_l_sh_popedu_c; z_l_sh_popfborn; z_l_sh_empl_f; z_l_sh_routine33; z_l_task_outsource,Republican votes / 1990 population,Full controls
rep_votes_per_1990_pop,full_controls,main_1972_start,cluster_cz,es_2012,2012,1988,6.956483336871518e-4,0.001564274416200422,0.44470990926058984,0.6566628701256791,9386,722,z_l_shind_manuf_cbp; z_l_sh_popedu_c; z_l_sh_popfborn; z_l_sh_empl_f; z_l_sh_routine33; z_l_task_outsource,Republican votes / 1990 population,Full controls
rep_votes_per_1990_pop,full_controls,main_1972_start,cluster_cz,es_2016,2016,1988,0.0015640263065444574,0.0016072025319956785,0.9731357905480594,0.3308121787339876,9386,722,z_l_shind_manuf_cbp; z_l_sh_popedu_c; z_l_sh_popfborn; z_l_sh_empl_f; z_l_sh_routine33; z_l_task_outsource,Republican votes / 1990 population,Full controls
rep_votes_per_1990_pop,full_controls,main_1972_start,cluster_cz,es_2020,2020,1988,0.0013887393690004612,0.002160844492152072,0.6426836239461914,0.520633723395359,9386,722,z_l_shind_manuf_cbp; z_l_sh_popedu_c; z_l_sh_popfborn; z_l_sh_empl_f; z_l_sh_routine33; z_l_task_outsource,Republican votes / 1990 population,Full controls
dem_votes_per_1990_pop,minimal,main_1972_start,cluster_cz,es_1972,1972,1988,5.378336761247817e-4,6.217157682719575e-4,0.8650796771966653,0.38728279317138725,9386,722,none,Democratic votes / 1990 population,Minimal
dem_votes_per_1990_pop,minimal,main_1972_start,cluster_cz,es_1976,1976,1988,0.002072765698365211,9.353543774729569e-4,2.2160218076545424,0.02700152215967938,9386,722,none,Democratic votes / 1990 population,Minimal
dem_votes_per_1990_pop,minimal,main_1972_start,cluster_cz,es_1980,1980,1988,0.001628917256113852,9.49560996118252e-4,1.7154424652789735,0.08669376920408031,9386,722,none,Democratic votes / 1990 population,Minimal
dem_votes_per_1990_pop,minimal,main_1972_start,cluster_cz,es_1984,1984,1988,1.7403575863989343e-6,3.35597134544531e-4,0.005185853534658244,0.995863740559184,9386,722,none,Democratic votes / 1990 population,Minimal
dem_votes_per_1990_pop,minimal,main_1972_start,cluster_cz,es_1992,1992,1988,3.4333883026863455e-4,4.3095517715233177e-4,0.7966926689159438,0.4258917983424493,9386,722,none,Democratic votes / 1990 population,Minimal
dem_votes_per_1990_pop,minimal,main_1972_start,cluster_cz,es_1996,1996,1988,-2.824669135239972e-4,4.6749784592429544e-4,-0.6042100856433437,0.5458940449954798,9386,722,none,Democratic votes / 1990 population,Minimal
dem_votes_per_1990_pop,minimal,main_1972_start,cluster_cz,es_2000,2000,1988,-7.598457130106248e-4,6.881934927494049e-4,-1.1041163873476365,0.26991099767148097,9386,722,none,Democratic votes / 1990 population,Minimal
dem_votes_per_1990_pop,minimal,main_1972_start,cluster_cz,es_2004,2004,1988,-0.0017905067692748394,0.0010167520051771373,-1.7610063812590167,0.07866118806165999,9386,722,none,Democratic votes / 1990 population,Minimal
dem_votes_per_1990_pop,minimal,main_1972_start,cluster_cz,es_2008,2008,1988,-0.0028850849928052104,0.0015743869726056322,-1.8325132530983503,0.06728724913845192,9386,722,none,Democratic votes / 1990 population,Minimal
dem_votes_per_1990_pop,minimal,main_1972_start,cluster_cz,es_2012,2012,1988,-0.0033347426897951506,0.0017968279886955481,-1.8559053569819388,0.06387488183273726,9386,722,none,Democratic votes / 1990 population,Minimal
dem_votes_per_1990_pop,minimal,main_1972_start,cluster_cz,es_2016,2016,1988,-0.004885396532686216,0.0023365225710396753,-2.0908835177707594,0.036888048532759433,9386,722,none,Democratic votes / 1990 population,Minimal
dem_votes_per_1990_pop,minimal,main_1972_start,cluster_cz,es_2020,2020,1988,-0.006557660474127005,0.002919010606289536,-2.2465353363216085,0.024971600071416872,9386,722,none,Democratic votes / 1990 population,Minimal
dem_votes_per_1990_pop,core_controls,main_1972_start,cluster_cz,es_1972,1972,1988,-0.0011117405370981524,8.020432226796793e-4,-1.3861354421570373,0.16613406788463214,9386,722,z_l_shind_manuf_cbp; z_l_sh_popedu_c; z_l_sh_popfborn,Democratic votes / 1990 population,Core controls
dem_votes_per_1990_pop,core_controls,main_1972_start,cluster_cz,es_1976,1976,1988,1.5418465093464985e-4,6.193280067249907e-4,0.24895475299103456,0.8034666810494874,9386,722,z_l_shind_manuf_cbp; z_l_sh_popedu_c; z_l_sh_popfborn,Democratic votes / 1990 population,Core controls
dem_votes_per_1990_pop,core_controls,main_1972_start,cluster_cz,es_1980,1980,1988,-6.626412434206268e-4,6.080656486037825e-4,-1.0897528004454102,0.2761861324765807,9386,722,z_l_shind_manuf_cbp; z_l_sh_popedu_c; z_l_sh_popfborn,Democratic votes / 1990 population,Core controls
dem_votes_per_1990_pop,core_controls,main_1972_start,cluster_cz,es_1984,1984,1988,-5.53323459415252e-4,2.9719573650237346e-4,-1.8618149302112652,0.063035848800625,9386,722,z_l_shind_manuf_cbp; z_l_sh_popedu_c; z_l_sh_popfborn,Democratic votes / 1990 population,Core controls
dem_votes_per_1990_pop,core_controls,main_1972_start,cluster_cz,es_1992,1992,1988,7.273749773620149e-4,5.046222574664491e-4,1.4414246827199768,0.1498989109668386,9386,722,z_l_shind_manuf_cbp; z_l_sh_popedu_c; z_l_sh_popfborn,Democratic votes / 1990 population,Core controls
dem_votes_per_1990_pop,core_controls,main_1972_start,cluster_cz,es_1996,1996,1988,9.441346402872331e-4,6.052533550308656e-4,1.5598998872779248,0.11922234647549529,9386,722,z_l_shind_manuf_cbp; z_l_sh_popedu_c; z_l_sh_popfborn,Democratic votes / 1990 population,Core controls
dem_votes_per_1990_pop,core_controls,main_1972_start,cluster_cz,es_2000,2000,1988,5.423303710015669e-4,8.165001376908641e-4,0.6642134470856624,0.5067660617119845,9386,722,z_l_shind_manuf_cbp; z_l_sh_popedu_c; z_l_sh_popfborn,Democratic votes / 1990 population,Core controls
dem_votes_per_1990_pop,core_controls,main_1972_start,cluster_cz,es_2004,2004,1988,9.759063332342383e-4,9.629554580365882e-4,1.0134490905987035,0.31118566937281594,9386,722,z_l_shind_manuf_cbp; z_l_sh_popedu_c; z_l_sh_popfborn,Democratic votes / 1990 population,Core controls
dem_votes_per_1990_pop,core_controls,main_1972_start,cluster_cz,es_2008,2008,1988,8.011832659358996e-4,0.0013317419117793003,0.6016055054281972,0.547625874077525,9386,722,z_l_shind_manuf_cbp; z_l_sh_popedu_c; z_l_sh_popfborn,Democratic votes / 1990 population,Core controls
dem_votes_per_1990_pop,core_controls,main_1972_start,cluster_cz,es_2012,2012,1988,9.428698414831226e-4,0.0014571629983217555,0.6470585943844616,0.5177999661900292,9386,722,z_l_shind_manuf_cbp; z_l_sh_popedu_c; z_l_sh_popfborn,Democratic votes / 1990 population,Core controls
dem_votes_per_1990_pop,core_controls,main_1972_start,cluster_cz,es_2016,2016,1988,0.0019223696078675577,0.0017353627671614356,1.107762390806628,0.26833385725893977,9386,722,z_l_shind_manuf_cbp; z_l_sh_popedu_c; z_l_sh_popfborn,Democratic votes / 1990 population,Core controls
dem_votes_per_1990_pop,core_controls,main_1972_start,cluster_cz,es_2020,2020,1988,0.0028186816564695462,0.0023247904654526506,1.2124454648091187,0.22573903787151237,9386,722,z_l_shind_manuf_cbp; z_l_sh_popedu_c; z_l_sh_popfborn,Democratic votes / 1990 population,Core controls
dem_votes_per_1990_pop,full_controls,main_1972_start,cluster_cz,es_1972,1972,1988,-3.879249594186448e-4,6.61166959101497e-4,-0.5867276851611298,0.5575702677762215,9386,722,z_l_shind_manuf_cbp; z_l_sh_popedu_c; z_l_sh_popfborn; z_l_sh_empl_f; z_l_sh_routine33; z_l_task_outsource,Democratic votes / 1990 population,Full controls
dem_votes_per_1990_pop,full_controls,main_1972_start,cluster_cz,es_1976,1976,1988,5.660798203203669e-4,5.088833376254659e-4,1.11239606107323,0.266338654779626,9386,722,z_l_shind_manuf_cbp; z_l_sh_popedu_c; z_l_sh_popfborn; z_l_sh_empl_f; z_l_sh_routine33; z_l_task_outsource,Democratic votes / 1990 population,Full controls
dem_votes_per_1990_pop,full_controls,main_1972_start,cluster_cz,es_1980,1980,1988,-2.4138014918393454e-4,4.4986322110263235e-4,-0.5365634216380312,0.5917347303735025,9386,722,z_l_shind_manuf_cbp; z_l_sh_popedu_c; z_l_sh_popfborn; z_l_sh_empl_f; z_l_sh_routine33; z_l_task_outsource,Democratic votes / 1990 population,Full controls
dem_votes_per_1990_pop,full_controls,main_1972_start,cluster_cz,es_1984,1984,1988,-2.154138241300908e-4,2.708088237491549e-4,-0.7954461052924351,0.4266158367791659,9386,722,z_l_shind_manuf_cbp; z_l_sh_popedu_c; z_l_sh_popfborn; z_l_sh_empl_f; z_l_sh_routine33; z_l_task_outsource,Democratic votes / 1990 population,Full controls
dem_votes_per_1990_pop,full_controls,main_1972_start,cluster_cz,es_1992,1992,1988,7.856004628760136e-4,4.7491533074842975e-4,1.6541905725341992,0.0985240447620135,9386,722,z_l_shind_manuf_cbp; z_l_sh_popedu_c; z_l_sh_popfborn; z_l_sh_empl_f; z_l_sh_routine33; z_l_task_outsource,Democratic votes / 1990 population,Full controls
dem_votes_per_1990_pop,full_controls,main_1972_start,cluster_cz,es_1996,1996,1988,0.0010862313761080102,5.82512493007584e-4,1.8647349012201668,0.06262465723004292,9386,722,z_l_shind_manuf_cbp; z_l_sh_popedu_c; z_l_sh_popfborn; z_l_sh_empl_f; z_l_sh_routine33; z_l_task_outsource,Democratic votes / 1990 population,Full controls
dem_votes_per_1990_pop,full_controls,main_1972_start,cluster_cz,es_2000,2000,1988,8.996142010791767e-4,7.925093479491394e-4,1.1351464855363587,0.2566911641482148,9386,722,z_l_shind_manuf_cbp; z_l_sh_popedu_c; z_l_sh_popfborn; z_l_sh_empl_f; z_l_sh_routine33; z_l_task_outsource,Democratic votes / 1990 population,Full controls
dem_votes_per_1990_pop,full_controls,main_1972_start,cluster_cz,es_2004,2004,1988,0.0011227728878547023,9.539665582812527e-4,1.1769520410417587,0.2396030437916941,9386,722,z_l_shind_manuf_cbp; z_l_sh_popedu_c; z_l_sh_popfborn; z_l_sh_empl_f; z_l_sh_routine33; z_l_task_outsource,Democratic votes / 1990 population,Full controls
dem_votes_per_1990_pop,full_controls,main_1972_start,cluster_cz,es_2008,2008,1988,5.817925077538887e-4,0.0013221101525865999,0.4400484381847151,0.6600339063208349,9386,722,z_l_shind_manuf_cbp; z_l_sh_popedu_c; z_l_sh_popfborn; z_l_sh_empl_f; z_l_sh_routine33; z_l_task_outsource,Democratic votes / 1990 population,Full controls
dem_votes_per_1990_pop,full_controls,main_1972_start,cluster_cz,es_2012,2012,1988,3.4882549309252133e-4,0.0014452864224439596,0.2413538850677516,0.8093494722222196,9386,722,z_l_shind_manuf_cbp; z_l_sh_popedu_c; z_l_sh_popfborn; z_l_sh_empl_f; z_l_sh_routine33; z_l_task_outsource,Democratic votes / 1990 population,Full controls
dem_votes_per_1990_pop,full_controls,main_1972_start,cluster_cz,es_2016,2016,1988,9.81093562376861e-4,0.0016060720608055779,0.6108652197615352,0.5414813320899867,9386,722,z_l_shind_manuf_cbp; z_l_sh_popedu_c; z_l_sh_popfborn; z_l_sh_empl_f; z_l_sh_routine33; z_l_task_outsource,Democratic votes / 1990 population,Full controls
dem_votes_per_1990_pop,full_controls,main_1972_start,cluster_cz,es_2020,2020,1988,0.001355796043759504,0.002182252691338497,0.6212827914662435,0.5346099430489166,9386,722,z_l_shind_manuf_cbp; z_l_sh_popedu_c; z_l_sh_popfborn; z_l_sh_empl_f; z_l_sh_routine33; z_l_task_outsource,Democratic votes / 1990 population,Full controls
rep_margin_swing,minimal,main_1972_start,cluster_cz,es_1976,1976,1988,-0.00817893473464301,0.00563683028617013,-1.4509811932266068,0.14722002030345485,8664,722,none,Republican-margin swing since previous election,Minimal
rep_margin_swing,minimal,main_1972_start,cluster_cz,es_1980,1980,1988,-4.835565679982516e-4,0.001965111335480439,-0.24607082523394516,0.8056974409254439,8664,722,none,Republican-margin swing since previous election,Minimal
rep_margin_swing,minimal,main_1972_start,cluster_cz,es_1984,1984,1988,0.00600638941088728,0.0028534258540029267,2.1049747630418434,0.03563893148744415,8664,722,none,Republican-margin swing since previous election,Minimal
rep_margin_swing,minimal,main_1972_start,cluster_cz,es_1992,1992,1988,-0.003903946163214478,0.0019122100000155226,-2.0415886137938757,0.04155585325164886,8664,722,none,Republican-margin swing since previous election,Minimal
rep_margin_swing,minimal,main_1972_start,cluster_cz,es_1996,1996,1988,2.7581666471787066e-4,0.002224257663693049,0.12400391790037404,0.9013467344442934,8664,722,none,Republican-margin swing since previous election,Minimal
rep_margin_swing,minimal,main_1972_start,cluster_cz,es_2000,2000,1988,6.48211563284287e-4,0.002100588034375672,0.30858576392726417,0.7577257898760876,8664,722,none,Republican-margin swing since previous election,Minimal
rep_margin_swing,minimal,main_1972_start,cluster_cz,es_2004,2004,1988,-2.3154411878439723e-5,0.0016339484548269151,-0.014170833731038645,0.9886976091629793,8664,722,none,Republican-margin swing since previous election,Minimal
rep_margin_swing,minimal,main_1972_start,cluster_cz,es_2008,2008,1988,0.0019156456420715865,0.0017649678260288275,1.0853714236716618,0.2781199467800044,8664,722,none,Republican-margin swing since previous election,Minimal
rep_margin_swing,minimal,main_1972_start,cluster_cz,es_2012,2012,1988,3.579580256017281e-4,0.0015688918156078514,0.22815978899287,0.8195867112616012,8664,722,none,Republican-margin swing since previous election,Minimal
rep_margin_swing,minimal,main_1972_start,cluster_cz,es_2016,2016,1988,0.004712743829413871,0.0024894693649826017,1.8930716303258495,0.05874854998077384,8664,722,none,Republican-margin swing since previous election,Minimal
rep_margin_swing,minimal,main_1972_start,cluster_cz,es_2020,2020,1988,-2.4803672597674094e-4,0.002113071796002015,-0.11738206266631956,0.9065899882164012,8664,722,none,Republican-margin swing since previous election,Minimal
rep_margin_swing,core_controls,main_1972_start,cluster_cz,es_1976,1976,1988,-0.006739476924743275,0.004178881095308739,-1.6127467547016572,0.1072371256097823,8664,722,z_l_shind_manuf_cbp; z_l_sh_popedu_c; z_l_sh_popfborn,Republican-margin swing since previous election,Core controls
rep_margin_swing,core_controls,main_1972_start,cluster_cz,es_1980,1980,1988,0.004961540602623464,0.002227715720359211,2.2271874985123477,0.026242738567403934,8664,722,z_l_shind_manuf_cbp; z_l_sh_popedu_c; z_l_sh_popfborn,Republican-margin swing since previous election,Core controls
rep_margin_swing,core_controls,main_1972_start,cluster_cz,es_1984,1984,1988,0.0012173338990111352,0.0018527213540863797,0.6570517991419336,0.5113572851764643,8664,722,z_l_shind_manuf_cbp; z_l_sh_popedu_c; z_l_sh_popfborn,Republican-margin swing since previous election,Core controls
rep_margin_swing,core_controls,main_1972_start,cluster_cz,es_1992,1992,1988,-0.0030668583372235876,0.001963016500588808,-1.5623191839211141,0.11865160836641725,8664,722,z_l_shind_manuf_cbp; z_l_sh_popedu_c; z_l_sh_popfborn,Republican-margin swing since previous election,Core controls
rep_margin_swing,core_controls,main_1972_start,cluster_cz,es_1996,1996,1988,-7.065107463300477e-5,0.0027275251001970847,-0.025902997053225903,0.9793418770019122,8664,722,z_l_shind_manuf_cbp; z_l_sh_popedu_c; z_l_sh_popfborn,Republican-margin swing since previous election,Core controls
rep_margin_swing,core_controls,main_1972_start,cluster_cz,es_2000,2000,1988,0.0013564391011711397,0.0018361592935902445,0.7387371596278516,0.46030702299315607,8664,722,z_l_shind_manuf_cbp; z_l_sh_popedu_c; z_l_sh_popfborn,Republican-margin swing since previous election,Core controls
rep_margin_swing,core_controls,main_1972_start,cluster_cz,es_2004,2004,1988,4.0647192320112605e-4,0.0012609634990316159,0.322350269070663,0.7472808005952307,8664,722,z_l_shind_manuf_cbp; z_l_sh_popedu_c; z_l_sh_popfborn,Republican-margin swing since previous election,Core controls
rep_margin_swing,core_controls,main_1972_start,cluster_cz,es_2008,2008,1988,0.0042362456864047555,0.0019024574313784126,2.226722982881889,0.02627393345002708,8664,722,z_l_shind_manuf_cbp; z_l_sh_popedu_c; z_l_sh_popfborn,Republican-margin swing since previous election,Core controls
rep_margin_swing,core_controls,main_1972_start,cluster_cz,es_2012,2012,1988,4.1757268454284575e-4,0.0015533245769765258,0.2688251320632753,0.7881411557965141,8664,722,z_l_shind_manuf_cbp; z_l_sh_popedu_c; z_l_sh_popfborn,Republican-margin swing since previous election,Core controls
rep_margin_swing,core_controls,main_1972_start,cluster_cz,es_2016,2016,1988,1.633422897957845e-4,0.0020262948635419924,0.08061131315817474,0.9357734389399002,8664,722,z_l_shind_manuf_cbp; z_l_sh_popedu_c; z_l_sh_popfborn,Republican-margin swing since previous election,Core controls
rep_margin_swing,core_controls,main_1972_start,cluster_cz,es_2020,2020,1988,-2.1732533202230113e-4,0.0016120830430317178,-0.1348102586660762,0.8927995188095132,8664,722,z_l_shind_manuf_cbp; z_l_sh_popedu_c; z_l_sh_popfborn,Republican-margin swing since previous election,Core controls
rep_margin_swing,full_controls,main_1972_start,cluster_cz,es_1976,1976,1988,-0.006025755693962017,0.004116893863171404,-1.4636655435464985,0.14372117506450158,8664,722,z_l_shind_manuf_cbp; z_l_sh_popedu_c; z_l_sh_popfborn; z_l_sh_empl_f; z_l_sh_routine33; z_l_task_outsource,Republican-margin swing since previous election,Full controls
rep_margin_swing,full_controls,main_1972_start,cluster_cz,es_1980,1980,1988,0.0021720028172560225,0.001940482079077064,1.1193109385937101,0.2633802583986393,8664,722,z_l_shind_manuf_cbp; z_l_sh_popedu_c; z_l_sh_popfborn; z_l_sh_empl_f; z_l_sh_routine33; z_l_task_outsource,Republican-margin swing since previous election,Full controls
rep_margin_swing,full_controls,main_1972_start,cluster_cz,es_1984,1984,1988,7.287753204380971e-4,0.002019264368515426,0.3609112961141867,0.7182714780617097,8664,722,z_l_shind_manuf_cbp; z_l_sh_popedu_c; z_l_sh_popfborn; z_l_sh_empl_f; z_l_sh_routine33; z_l_task_outsource,Republican-margin swing since previous election,Full controls
rep_margin_swing,full_controls,main_1972_start,cluster_cz,es_1992,1992,1988,-0.004359855891431443,0.0020680851337240326,-2.108160742677253,0.03536157685887867,8664,722,z_l_shind_manuf_cbp; z_l_sh_popedu_c; z_l_sh_popfborn; z_l_sh_empl_f; z_l_sh_routine33; z_l_task_outsource,Republican-margin swing since previous election,Full controls
rep_margin_swing,full_controls,main_1972_start,cluster_cz,es_1996,1996,1988,-0.0028624192870921506,0.002407038994115428,-1.1891869197341658,0.2347576079096887,8664,722,z_l_shind_manuf_cbp; z_l_sh_popedu_c; z_l_sh_popfborn; z_l_sh_empl_f; z_l_sh_routine33; z_l_task_outsource,Republican-margin swing since previous election,Full controls
rep_margin_swing,full_controls,main_1972_start,cluster_cz,es_2000,2000,1988,-4.89356504100247e-4,0.0018633092275515593,-0.26262763950526624,0.7929126175731835,8664,722,z_l_shind_manuf_cbp; z_l_sh_popedu_c; z_l_sh_popfborn; z_l_sh_empl_f; z_l_sh_routine33; z_l_task_outsource,Republican-margin swing since previous election,Full controls
rep_margin_swing,full_controls,main_1972_start,cluster_cz,es_2004,2004,1988,5.667732299912223e-4,0.0013763034874872823,0.41180832217898417,0.6806023151034721,8664,722,z_l_shind_manuf_cbp; z_l_sh_popedu_c; z_l_sh_popfborn; z_l_sh_empl_f; z_l_sh_routine33; z_l_task_outsource,Republican-margin swing since previous election,Full controls
rep_margin_swing,full_controls,main_1972_start,cluster_cz,es_2008,2008,1988,0.0039957780010508636,0.0021127454636889384,1.891272786866656,0.058988530316964695,8664,722,z_l_shind_manuf_cbp; z_l_sh_popedu_c; z_l_sh_popfborn; z_l_sh_empl_f; z_l_sh_routine33; z_l_task_outsource,Republican-margin swing since previous election,Full controls
rep_margin_swing,full_controls,main_1972_start,cluster_cz,es_2012,2012,1988,-3.4779257687586867e-4,0.00165808639260716,-0.2097554014233256,0.8339178382314886,8664,722,z_l_shind_manuf_cbp; z_l_sh_popedu_c; z_l_sh_popfborn; z_l_sh_empl_f; z_l_sh_routine33; z_l_task_outsource,Republican-margin swing since previous election,Full controls
rep_margin_swing,full_controls,main_1972_start,cluster_cz,es_2016,2016,1988,2.405806256366213e-4,0.0019030289373744187,0.12641984623131736,0.8994348383146514,8664,722,z_l_shind_manuf_cbp; z_l_sh_popedu_c; z_l_sh_popfborn; z_l_sh_empl_f; z_l_sh_routine33; z_l_task_outsource,Republican-margin swing since previous election,Full controls
rep_margin_swing,full_controls,main_1972_start,cluster_cz,es_2020,2020,1988,-8.436308552156116e-4,0.0015094931170830383,-0.5588835388967215,0.5764147410459557,8664,722,z_l_shind_manuf_cbp; z_l_sh_popedu_c; z_l_sh_popfborn; z_l_sh_empl_f; z_l_sh_routine33; z_l_task_outsource,Republican-margin swing since previous election,Full controls
rep_2party_share_swing,minimal,main_1972_start,cluster_cz,es_1976,1976,1988,-0.004089467367321492,0.0028184151430850637,-1.4509811932266028,0.14722002030345593,8664,722,none,Republican-share swing since previous election,Minimal
rep_2party_share_swing,minimal,main_1972_start,cluster_cz,es_1980,1980,1988,-2.417782839991166e-4,9.825556677402199e-4,-0.24607082523393567,0.8056974409254511,8664,722,none,Republican-share swing since previous election,Minimal
rep_2party_share_swing,minimal,main_1972_start,cluster_cz,es_1984,1984,1988,0.0030031947054436504,0.0014267129270014636,2.10497476304185,0.03563893148744356,8664,722,none,Republican-share swing since previous election,Minimal
rep_2party_share_swing,minimal,main_1972_start,cluster_cz,es_1992,1992,1988,-0.0019519730816072293,9.561050000077606e-4,-2.0415886137938672,0.04155585325164971,8664,722,none,Republican-share swing since previous election,Minimal
rep_2party_share_swing,minimal,main_1972_start,cluster_cz,es_1996,1996,1988,1.3790833235894541e-4,0.0011121288318465246,0.12400391790038312,0.9013467344442863,8664,722,none,Republican-share swing since previous election,Minimal
rep_2party_share_swing,minimal,main_1972_start,cluster_cz,es_2000,2000,1988,3.2410578164215144e-4,0.001050294017187836,0.3085857639272717,0.7577257898760817,8664,722,none,Republican-share swing since previous election,Minimal
rep_2party_share_swing,minimal,main_1972_start,cluster_cz,es_2004,2004,1988,-1.157720593921238e-5,8.169742274134569e-4,-0.0141708337310295,0.9886976091629867,8664,722,none,Republican-share swing since previous election,Minimal
rep_2party_share_swing,minimal,main_1972_start,cluster_cz,es_2008,2008,1988,9.578228210358e-4,8.824839130144137e-4,1.0853714236716696,0.27811994678000085,8664,722,none,Republican-share swing since previous election,Minimal
rep_2party_share_swing,minimal,main_1972_start,cluster_cz,es_2012,2012,1988,1.7897901280087154e-4,7.844459078039254e-4,0.22815978899287964,0.8195867112615938,8664,722,none,Republican-share swing since previous election,Minimal
rep_2party_share_swing,minimal,main_1972_start,cluster_cz,es_2016,2016,1988,0.002356371914706949,0.001244734682491301,1.89307163032586,0.05874854998077245,8664,722,none,Republican-share swing since previous election,Minimal
rep_2party_share_swing,minimal,main_1972_start,cluster_cz,es_2020,2020,1988,-1.2401836298836505e-4,0.0010565358980010073,-0.11738206266631446,0.9065899882164052,8664,722,none,Republican-share swing since previous election,Minimal
rep_2party_share_swing,core_controls,main_1972_start,cluster_cz,es_1976,1976,1988,-0.0033697384623716043,0.0020894405476543695,-1.6127467547016412,0.10723712560978572,8664,722,z_l_shind_manuf_cbp; z_l_sh_popedu_c; z_l_sh_popfborn,Republican-share swing since previous election,Core controls
rep_2party_share_swing,core_controls,main_1972_start,cluster_cz,es_1980,1980,1988,0.002480770301311757,0.0011138578601796064,2.2271874985123685,0.026242738567402554,8664,722,z_l_shind_manuf_cbp; z_l_sh_popedu_c; z_l_sh_popfborn,Republican-share swing since previous election,Core controls
rep_2party_share_swing,core_controls,main_1972_start,cluster_cz,es_1984,1984,1988,6.086669495055967e-4,9.263606770431892e-4,0.6570517991419654,0.5113572851764439,8664,722,z_l_shind_manuf_cbp; z_l_sh_popedu_c; z_l_sh_popfborn,Republican-share swing since previous election,Core controls
rep_2party_share_swing,core_controls,main_1972_start,cluster_cz,es_1992,1992,1988,-0.0015334291686117728,9.815082502944033e-4,-1.5623191839210937,0.11865160836642206,8664,722,z_l_shind_manuf_cbp; z_l_sh_popedu_c; z_l_sh_popfborn,Republican-share swing since previous election,Core controls
rep_2party_share_swing,core_controls,main_1972_start,cluster_cz,es_1996,1996,1988,-3.532553731648287e-5,0.0013637625500985426,-0.02590299705321159,0.9793418770019235,8664,722,z_l_shind_manuf_cbp; z_l_sh_popedu_c; z_l_sh_popfborn,Republican-share swing since previous election,Core controls
rep_2party_share_swing,core_controls,main_1972_start,cluster_cz,es_2000,2000,1988,6.782195505855876e-4,9.180796467951225e-4,0.7387371596278708,0.46030702299314463,8664,722,z_l_shind_manuf_cbp; z_l_sh_popedu_c; z_l_sh_popfborn,Republican-share swing since previous election,Core controls
rep_2party_share_swing,core_controls,main_1972_start,cluster_cz,es_2004,2004,1988,2.0323596160058384e-4,6.304817495158079e-4,0.32235026907069597,0.7472808005952056,8664,722,z_l_shind_manuf_cbp; z_l_sh_popedu_c; z_l_sh_popfborn,Republican-share swing since previous election,Core controls
rep_2party_share_swing,core_controls,main_1972_start,cluster_cz,es_2008,2008,1988,0.002118122843202395,9.512287156892076e-4,2.2267229828819044,0.026273933450026037,8664,722,z_l_shind_manuf_cbp; z_l_sh_popedu_c; z_l_sh_popfborn,Republican-share swing since previous election,Core controls
rep_2party_share_swing,core_controls,main_1972_start,cluster_cz,es_2012,2012,1988,2.0878634227144304e-4,7.766622884882628e-4,0.2688251320633013,0.7881411557964941,8664,722,z_l_shind_manuf_cbp; z_l_sh_popedu_c; z_l_sh_popfborn,Republican-share swing since previous election,Core controls
rep_2party_share_swing,core_controls,main_1972_start,cluster_cz,es_2016,2016,1988,8.167114489791914e-5,0.0010131474317709966,0.08061131315820125,0.9357734389398792,8664,722,z_l_shind_manuf_cbp; z_l_sh_popedu_c; z_l_sh_popfborn,Republican-share swing since previous election,Core controls
rep_2party_share_swing,core_controls,main_1972_start,cluster_cz,es_2020,2020,1988,-1.0866266601113365e-4,8.060415215158591e-4,-0.13481025866605517,0.8927995188095299,8664,722,z_l_shind_manuf_cbp; z_l_sh_popedu_c; z_l_sh_popfborn,Republican-share swing since previous election,Core controls
rep_2party_share_swing,full_controls,main_1972_start,cluster_cz,es_1976,1976,1988,-0.003012877846980985,0.0020584469315857033,-1.4636655435464863,0.143721175064505,8664,722,z_l_shind_manuf_cbp; z_l_sh_popedu_c; z_l_sh_popfborn; z_l_sh_empl_f; z_l_sh_routine33; z_l_task_outsource,Republican-share swing since previous election,Full controls
rep_2party_share_swing,full_controls,main_1972_start,cluster_cz,es_1980,1980,1988,0.00108600140862803,9.702410395385333e-4,1.1193109385937279,0.2633802583986317,8664,722,z_l_shind_manuf_cbp; z_l_sh_popedu_c; z_l_sh_popfborn; z_l_sh_empl_f; z_l_sh_routine33; z_l_task_outsource,Republican-share swing since previous election,Full controls
rep_2party_share_swing,full_controls,main_1972_start,cluster_cz,es_1984,1984,1988,3.6438766021906505e-4,0.0010096321842577123,0.3609112961142033,0.7182714780616972,8664,722,z_l_shind_manuf_cbp; z_l_sh_popedu_c; z_l_sh_popfborn; z_l_sh_empl_f; z_l_sh_routine33; z_l_task_outsource,Republican-share swing since previous election,Full controls
rep_2party_share_swing,full_controls,main_1972_start,cluster_cz,es_1992,1992,1988,-0.0021799279457157053,0.0010340425668620152,-2.1081607426772395,0.035361576858879806,8664,722,z_l_shind_manuf_cbp; z_l_sh_popedu_c; z_l_sh_popfborn; z_l_sh_empl_f; z_l_sh_routine33; z_l_task_outsource,Republican-share swing since previous election,Full controls
rep_2party_share_swing,full_controls,main_1972_start,cluster_cz,es_1996,1996,1988,-0.001431209643546057,0.0012035194970577143,-1.1891869197341502,0.23475760790969488,8664,722,z_l_shind_manuf_cbp; z_l_sh_popedu_c; z_l_sh_popfborn; z_l_sh_empl_f; z_l_sh_routine33; z_l_task_outsource,Republican-share swing since previous election,Full controls
rep_2party_share_swing,full_controls,main_1972_start,cluster_cz,es_2000,2000,1988,-2.446782520501053e-4,9.316546137757803e-4,-0.26262763950524654,0.7929126175731986,8664,722,z_l_shind_manuf_cbp; z_l_sh_popedu_c; z_l_sh_popfborn; z_l_sh_empl_f; z_l_sh_routine33; z_l_task_outsource,Republican-share swing since previous election,Full controls
rep_2party_share_swing,full_controls,main_1972_start,cluster_cz,es_2004,2004,1988,2.8338661499562674e-4,6.881517437436415e-4,0.4118083221790067,0.6806023151034555,8664,722,z_l_shind_manuf_cbp; z_l_sh_popedu_c; z_l_sh_popfborn; z_l_sh_empl_f; z_l_sh_routine33; z_l_task_outsource,Republican-share swing since previous election,Full controls
rep_2party_share_swing,full_controls,main_1972_start,cluster_cz,es_2008,2008,1988,0.001997889000525444,0.0010563727318444705,1.891272786866665,0.05898853031696352,8664,722,z_l_shind_manuf_cbp; z_l_sh_popedu_c; z_l_sh_popfborn; z_l_sh_empl_f; z_l_sh_routine33; z_l_task_outsource,Republican-share swing since previous election,Full controls
rep_2party_share_swing,full_controls,main_1972_start,cluster_cz,es_2012,2012,1988,-1.7389628843791916e-4,8.290431963035802e-4,-0.20975540142330723,0.8339178382315029,8664,722,z_l_shind_manuf_cbp; z_l_sh_popedu_c; z_l_sh_popfborn; z_l_sh_empl_f; z_l_sh_routine33; z_l_task_outsource,Republican-share swing since previous election,Full controls
rep_2party_share_swing,full_controls,main_1972_start,cluster_cz,es_2016,2016,1988,1.2029031281833363e-4,9.5151446868721e-4,0.12641984623134142,0.8994348383146324,8664,722,z_l_shind_manuf_cbp; z_l_sh_popedu_c; z_l_sh_popfborn; z_l_sh_empl_f; z_l_sh_routine33; z_l_task_outsource,Republican-share swing since previous election,Full controls
rep_2party_share_swing,full_controls,main_1972_start,cluster_cz,es_2020,2020,1988,-4.218154276077982e-4,7.547465585415194e-4,-0.5588835388967113,0.5764147410459626,8664,722,z_l_shind_manuf_cbp; z_l_sh_popedu_c; z_l_sh_popfborn; z_l_sh_empl_f; z_l_sh_routine33; z_l_task_outsource,Republican-share swing since previous election,Full controls
