year,source_decade,source_decade_default,source_scope,source_issue_class,state_fips,state,county_fips,county_fips_for_crosswalk,county_name,bridge_exception_applied,exception_issue_class,exception_reason,twoparty_votes,source_two_party_votes_prejoin,vote_share_of_year,weight_sum_raw,selected_weight_sum_raw,crosswalk_weight_sum,raw_weight_undefined,raw_weight_sum_valid,raw_weight_requires_policy,fallback_used,fallback_policy,no_positive_final_target,final_weight_invalid,n_targets,positive_targets,positive_target_1990_counties,positive_target_czones,positive_target_count,positive_target_cz_count
1952,1970,1970,adh_mainland_eligible,selected_m4_unavailable_fallback_m2_used,13,GA,13239,13239,QUITMAN,FALSE,NA,NA,425,60656890,7.006623649844231e-6,NA,1,1,TRUE,FALSE,TRUE,TRUE,fallback_m2,FALSE,FALSE,3,1,13239,10301,1,1
1952,1970,1970,adh_mainland_eligible,selected_m4_unavailable_fallback_m2_used,13,GA,13307,13307,WEBSTER,FALSE,NA,NA,473,60656890,7.797959967944285e-6,NA,1,1,TRUE,FALSE,TRUE,TRUE,fallback_m2,FALSE,FALSE,4,1,13307,9702,1,1
1952,1970,1970,adh_mainland_eligible,selected_m4_unavailable_fallback_m2_used,20,KS,20179,20179,SHERIDAN,FALSE,NA,NA,2136,60656890,3.521446615545241e-5,NA,1,1,TRUE,FALSE,TRUE,TRUE,fallback_m2,FALSE,FALSE,1,1,20179,28604,1,1
1952,1970,1970,adh_mainland_eligible,selected_m4_unavailable_fallback_m2_used,36,NY,36041,36041,HAMILTON,FALSE,NA,NA,3128,60656890,5.1568750062853534e-5,NA,1,1,TRUE,FALSE,TRUE,TRUE,fallback_m2,FALSE,FALSE,3,1,36041,18500,1,1
1952,1970,1970,adh_mainland_eligible,selected_m4_unavailable_fallback_m2_used,38,ND,38013,38013,BURKE,FALSE,NA,NA,2797,60656890,4.611182670262191e-5,NA,1,1,TRUE,FALSE,TRUE,TRUE,fallback_m2,FALSE,FALSE,1,1,38013,26412,1,1
1952,1970,1970,adh_mainland_eligible,selected_m4_unavailable_fallback_m2_used,38,ND,38039,38039,GRIGGS,FALSE,NA,NA,2599,60656890,4.284756439045919e-5,NA,1,1,TRUE,FALSE,TRUE,TRUE,fallback_m2,FALSE,FALSE,3,1,38039,26804,1,1
1952,1970,1970,adh_mainland_eligible,selected_m4_unavailable_fallback_m2_used,38,ND,38041,38041,HETTINGER,FALSE,NA,NA,2627,60656890,4.330917724268422e-5,NA,1,1,TRUE,FALSE,TRUE,TRUE,fallback_m2,FALSE,FALSE,1,1,38041,26404,1,1
1952,1970,1970,adh_mainland_eligible,selected_m4_unavailable_fallback_m2_used,46,SD,46031,46031,CORSON,FALSE,NA,NA,2546,60656890,4.197379720589038e-5,NA,1,1,TRUE,FALSE,TRUE,TRUE,fallback_m2,FALSE,FALSE,2,1,46031,26603,1,1
1952,1970,1970,adh_mainland_eligible,selected_m4_unavailable_fallback_m2_used,46,SD,46071,46071,JACKSON,FALSE,NA,NA,861,60656890,1.4194595205919723e-5,NA,1,1,TRUE,FALSE,TRUE,TRUE,fallback_m2,FALSE,FALSE,1,1,46071,27603,1,1
1952,1970,1970,adh_mainland_eligible,selected_m4_unavailable_fallback_m2_used,46,SD,46131,46131,WASHABAUGH,FALSE,NA,NA,466,60656890,7.682556754888027e-6,NA,1,1,TRUE,FALSE,TRUE,TRUE,fallback_m2,FALSE,FALSE,1,1,46071,27603,1,1
1952,1970,1970,adh_mainland_eligible,selected_m4_unavailable_fallback_m2_used,46,SD,46137,46137,ZIEBACH,FALSE,NA,NA,1151,60656890,1.8975585461107553e-5,NA,1,1,TRUE,FALSE,TRUE,TRUE,fallback_m2,FALSE,FALSE,1,1,46137,27602,1,1
1956,1970,1970,adh_mainland_eligible,selected_m4_unavailable_fallback_m2_used,13,GA,13239,13239,QUITMAN,FALSE,NA,NA,386,61618950,6.264306678383842e-6,NA,1,1,TRUE,FALSE,TRUE,TRUE,fallback_m2,FALSE,FALSE,3,1,13239,10301,1,1
1956,1970,1970,adh_mainland_eligible,selected_m4_unavailable_fallback_m2_used,13,GA,13307,13307,WEBSTER,FALSE,NA,NA,346,61618950,5.615155727255982e-6,NA,1,1,TRUE,FALSE,TRUE,TRUE,fallback_m2,FALSE,FALSE,4,1,13307,9702,1,1
1956,1970,1970,adh_mainland_eligible,selected_m4_unavailable_fallback_m2_used,20,KS,20179,20179,SHERIDAN,FALSE,NA,NA,1957,61618950,3.1759710283930513e-5,NA,1,1,TRUE,FALSE,TRUE,TRUE,fallback_m2,FALSE,FALSE,1,1,20179,28604,1,1
1956,1970,1970,adh_mainland_eligible,selected_m4_unavailable_fallback_m2_used,36,NY,36041,36041,HAMILTON,FALSE,NA,NA,3089,61618950,5.013068220084893e-5,NA,1,1,TRUE,FALSE,TRUE,TRUE,fallback_m2,FALSE,FALSE,3,1,36041,18500,1,1
1956,1970,1970,adh_mainland_eligible,selected_m4_unavailable_fallback_m2_used,38,ND,38013,38013,BURKE,FALSE,NA,NA,2351,61618950,3.815384715253992e-5,NA,1,1,TRUE,FALSE,TRUE,TRUE,fallback_m2,FALSE,FALSE,1,1,38013,26412,1,1
1956,1970,1970,adh_mainland_eligible,selected_m4_unavailable_fallback_m2_used,38,ND,38039,38039,GRIGGS,FALSE,NA,NA,2385,61618950,3.87056254609986e-5,NA,1,1,TRUE,FALSE,TRUE,TRUE,fallback_m2,FALSE,FALSE,3,1,38039,26804,1,1
1956,1970,1970,adh_mainland_eligible,selected_m4_unavailable_fallback_m2_used,38,ND,38041,38041,HETTINGER,FALSE,NA,NA,2678,61618950,4.3460656178010176e-5,NA,1,1,TRUE,FALSE,TRUE,TRUE,fallback_m2,FALSE,FALSE,1,1,38041,26404,1,1
1956,1970,1970,adh_mainland_eligible,selected_m4_unavailable_fallback_m2_used,46,SD,46031,46031,CORSON,FALSE,NA,NA,2506,61618950,4.066930708816038e-5,NA,1,1,TRUE,FALSE,TRUE,TRUE,fallback_m2,FALSE,FALSE,2,1,46031,26603,1,1
1956,1970,1970,adh_mainland_eligible,selected_m4_unavailable_fallback_m2_used,46,SD,46071,46071,JACKSON,FALSE,NA,NA,898,61618950,1.457343885282044e-5,NA,1,1,TRUE,FALSE,TRUE,TRUE,fallback_m2,FALSE,FALSE,1,1,46071,27603,1,1
1956,1970,1970,adh_mainland_eligible,selected_m4_unavailable_fallback_m2_used,46,SD,46131,46131,WASHABAUGH,FALSE,NA,NA,450,61618950,7.302948200188416e-6,NA,1,1,TRUE,FALSE,TRUE,TRUE,fallback_m2,FALSE,FALSE,1,1,46071,27603,1,1
1956,1970,1970,adh_mainland_eligible,selected_m4_unavailable_fallback_m2_used,46,SD,46137,46137,ZIEBACH,FALSE,NA,NA,1099,61618950,1.783542238223793e-5,NA,1,1,TRUE,FALSE,TRUE,TRUE,fallback_m2,FALSE,FALSE,1,1,46137,27602,1,1
1960,1970,1970,adh_mainland_eligible,selected_m4_unavailable_fallback_m2_used,13,GA,13239,13239,QUITMAN,FALSE,NA,NA,455,68237274,6.6679099754190065e-6,NA,1,1,TRUE,FALSE,TRUE,TRUE,fallback_m2,FALSE,FALSE,3,1,13239,10301,1,1
1960,1970,1970,adh_mainland_eligible,selected_m4_unavailable_fallback_m2_used,13,GA,13307,13307,WEBSTER,FALSE,NA,NA,374,68237274,5.480875452322436e-6,NA,1,1,TRUE,FALSE,TRUE,TRUE,fallback_m2,FALSE,FALSE,4,1,13307,9702,1,1
1960,1970,1970,adh_mainland_eligible,selected_m4_unavailable_fallback_m2_used,20,KS,20179,20179,SHERIDAN,FALSE,NA,NA,2001,68237274,2.9324149144644906e-5,NA,1,1,TRUE,FALSE,TRUE,TRUE,fallback_m2,FALSE,FALSE,1,1,20179,28604,1,1
1960,1970,1970,adh_mainland_eligible,selected_m4_unavailable_fallback_m2_used,36,NY,36041,36041,HAMILTON,FALSE,NA,NA,2963,68237274,4.342201594981652e-5,NA,1,1,TRUE,FALSE,TRUE,TRUE,fallback_m2,FALSE,FALSE,3,1,36041,18500,1,1
1960,1970,1970,adh_mainland_eligible,selected_m4_unavailable_fallback_m2_used,38,ND,38013,38013,BURKE,FALSE,NA,NA,2685,68237274,3.93479962285715e-5,NA,1,1,TRUE,FALSE,TRUE,TRUE,fallback_m2,FALSE,FALSE,1,1,38013,26412,1,1
1960,1970,1970,adh_mainland_eligible,selected_m4_unavailable_fallback_m2_used,38,ND,38039,38039,GRIGGS,FALSE,NA,NA,2557,68237274,3.7472188587134945e-5,NA,1,1,TRUE,FALSE,TRUE,TRUE,fallback_m2,FALSE,FALSE,3,1,38039,26804,1,1
1960,1970,1970,adh_mainland_eligible,selected_m4_unavailable_fallback_m2_used,38,ND,38041,38041,HETTINGER,FALSE,NA,NA,2760,68237274,4.044710226847573e-5,NA,1,1,TRUE,FALSE,TRUE,TRUE,fallback_m2,FALSE,FALSE,1,1,38041,26404,1,1
1960,1970,1970,adh_mainland_eligible,selected_m4_unavailable_fallback_m2_used,46,SD,46031,46031,CORSON,FALSE,NA,NA,2383,68237274,3.4922262574557124e-5,NA,1,1,TRUE,FALSE,TRUE,TRUE,fallback_m2,FALSE,FALSE,2,1,46031,26603,1,1
1960,1970,1970,adh_mainland_eligible,selected_m4_unavailable_fallback_m2_used,46,SD,46071,46071,JACKSON,FALSE,NA,NA,947,68237274,1.3878045597190767e-5,NA,1,1,TRUE,FALSE,TRUE,TRUE,fallback_m2,FALSE,FALSE,1,1,46071,27603,1,1
1960,1970,1970,adh_mainland_eligible,selected_m4_unavailable_fallback_m2_used,46,SD,46131,46131,WASHABAUGH,FALSE,NA,NA,473,68237274,6.931695424996022e-6,NA,1,1,TRUE,FALSE,TRUE,TRUE,fallback_m2,FALSE,FALSE,1,1,46071,27603,1,1
1960,1970,1970,adh_mainland_eligible,selected_m4_unavailable_fallback_m2_used,46,SD,46137,46137,ZIEBACH,FALSE,NA,NA,1080,68237274,1.5827126974620938e-5,NA,1,1,TRUE,FALSE,TRUE,TRUE,fallback_m2,FALSE,FALSE,1,1,46137,27602,1,1
1960,1970,1970,excluded_nonmainland,selected_m4_unavailable_fallback_m2_used_but_no_positive_target,15,HI,15001,15001,HAWAII,FALSE,NA,NA,23808,68237274,3.4890022130719937e-4,NA,NA,NA,TRUE,FALSE,TRUE,TRUE,fallback_m2,TRUE,TRUE,1,0,NA,NA,NA,NA
1960,1970,1970,excluded_nonmainland,selected_m4_unavailable_fallback_m2_used_but_no_positive_target,15,HI,15003,15003,HONOLULU,FALSE,NA,NA,134456,68237274,0.001970418689351512,NA,NA,NA,TRUE,FALSE,TRUE,TRUE,fallback_m2,TRUE,TRUE,1,0,NA,NA,NA,NA
1960,1970,1970,excluded_nonmainland,selected_m4_unavailable_fallback_m2_used_but_no_positive_target,15,HI,15007,15007,KAUAI,FALSE,NA,NA,10291,68237274,1.5081200342205933e-4,NA,NA,NA,TRUE,FALSE,TRUE,TRUE,fallback_m2,TRUE,TRUE,1,0,NA,NA,NA,NA
1960,1970,1970,excluded_nonmainland,selected_m4_unavailable_fallback_m2_used_but_no_positive_target,15,HI,15009,15009,MAUI,FALSE,NA,NA,16150,68237274,2.3667416725937793e-4,NA,NA,NA,TRUE,FALSE,TRUE,TRUE,fallback_m2,TRUE,TRUE,2,0,NA,NA,NA,NA
1964,1970,1970,adh_mainland_eligible,selected_m4_unavailable_fallback_m2_used,13,GA,13239,13239,QUITMAN,FALSE,NA,NA,607,70447870,8.616300251519314e-6,NA,1,1,TRUE,FALSE,TRUE,TRUE,fallback_m2,FALSE,FALSE,3,1,13239,10301,1,1
1964,1970,1970,adh_mainland_eligible,selected_m4_unavailable_fallback_m2_used,13,GA,13307,13307,WEBSTER,FALSE,NA,NA,601,70447870,8.531130891537247e-6,NA,1,1,TRUE,FALSE,TRUE,TRUE,fallback_m2,FALSE,FALSE,4,1,13307,9702,1,1
1964,1970,1970,adh_mainland_eligible,selected_m4_unavailable_fallback_m2_used,20,KS,20179,20179,SHERIDAN,FALSE,NA,NA,1836,70447870,2.606182415451312e-5,NA,1,1,TRUE,FALSE,TRUE,TRUE,fallback_m2,FALSE,FALSE,1,1,20179,28604,1,1
1964,1970,1970,adh_mainland_eligible,selected_m4_unavailable_fallback_m2_used,36,NY,36041,36041,HAMILTON,FALSE,NA,NA,2872,70447870,4.076773364475037e-5,NA,1,1,TRUE,FALSE,TRUE,TRUE,fallback_m2,FALSE,FALSE,3,1,36041,18500,1,1
1964,1970,1970,adh_mainland_eligible,selected_m4_unavailable_fallback_m2_used,38,ND,38013,38013,BURKE,FALSE,NA,NA,2428,70447870,3.446520100607726e-5,NA,1,1,TRUE,FALSE,TRUE,TRUE,fallback_m2,FALSE,FALSE,1,1,38013,26412,1,1
1964,1970,1970,adh_mainland_eligible,selected_m4_unavailable_fallback_m2_used,38,ND,38039,38039,GRIGGS,FALSE,NA,NA,2390,70447870,3.3925795059524155e-5,NA,1,1,TRUE,FALSE,TRUE,TRUE,fallback_m2,FALSE,FALSE,3,1,38039,26804,1,1
1964,1970,1970,adh_mainland_eligible,selected_m4_unavailable_fallback_m2_used,38,ND,38041,38041,HETTINGER,FALSE,NA,NA,2463,70447870,3.496202227263933e-5,NA,1,1,TRUE,FALSE,TRUE,TRUE,fallback_m2,FALSE,FALSE,1,1,38041,26404,1,1
1964,1970,1970,adh_mainland_eligible,selected_m4_unavailable_fallback_m2_used,46,SD,46031,46031,CORSON,FALSE,NA,NA,2362,70447870,3.35283380462745e-5,NA,1,1,TRUE,FALSE,TRUE,TRUE,fallback_m2,FALSE,FALSE,2,1,46031,26603,1,1
1964,1970,1970,adh_mainland_eligible,selected_m4_unavailable_fallback_m2_used,46,SD,46071,46071,JACKSON,FALSE,NA,NA,928,70447870,1.3172861010560008e-5,NA,1,1,TRUE,FALSE,TRUE,TRUE,fallback_m2,FALSE,FALSE,1,1,46071,27603,1,1
1964,1970,1970,adh_mainland_eligible,selected_m4_unavailable_fallback_m2_used,46,SD,46131,46131,WASHABAUGH,FALSE,NA,NA,559,70447870,7.934945371662762e-6,NA,1,1,TRUE,FALSE,TRUE,TRUE,fallback_m2,FALSE,FALSE,1,1,46071,27603,1,1
1964,1970,1970,adh_mainland_eligible,selected_m4_unavailable_fallback_m2_used,46,SD,46137,46137,ZIEBACH,FALSE,NA,NA,1001,70447870,1.420908822367518e-5,NA,1,1,TRUE,FALSE,TRUE,TRUE,fallback_m2,FALSE,FALSE,1,1,46137,27602,1,1
1964,1970,1970,excluded_nonmainland,selected_m4_unavailable_fallback_m2_used_but_no_positive_target,15,HI,15001,15001,HAWAII,FALSE,NA,NA,24973,70447870,3.544890711387016e-4,NA,NA,NA,TRUE,FALSE,TRUE,TRUE,fallback_m2,TRUE,TRUE,1,0,NA,NA,NA,NA
1964,1970,1970,excluded_nonmainland,selected_m4_unavailable_fallback_m2_used_but_no_positive_target,15,HI,15003,15003,HONOLULU,FALSE,NA,NA,155395,70447870,0.0022058154490689355,NA,NA,NA,TRUE,FALSE,TRUE,TRUE,fallback_m2,TRUE,TRUE,1,0,NA,NA,NA,NA
1964,1970,1970,excluded_nonmainland,selected_m4_unavailable_fallback_m2_used_but_no_positive_target,15,HI,15007,15007,KAUAI,FALSE,NA,NA,10684,70447870,1.516582403414042e-4,NA,NA,NA,TRUE,FALSE,TRUE,TRUE,fallback_m2,TRUE,TRUE,1,0,NA,NA,NA,NA
1964,1970,1970,excluded_nonmainland,selected_m4_unavailable_fallback_m2_used_but_no_positive_target,15,HI,15009,15009,MAUI,FALSE,NA,NA,16219,70447870,2.302269749248629e-4,NA,NA,NA,TRUE,FALSE,TRUE,TRUE,fallback_m2,TRUE,TRUE,2,0,NA,NA,NA,NA
1968,1970,1970,adh_mainland_eligible,selected_m4_unavailable_fallback_m2_used,13,GA,13239,13239,QUITMAN,FALSE,NA,NA,288,63174774,4.55878164281205e-6,NA,1,1,TRUE,FALSE,TRUE,TRUE,fallback_m2,FALSE,FALSE,3,1,13239,10301,1,1
1968,1970,1970,adh_mainland_eligible,selected_m4_unavailable_fallback_m2_used,13,GA,13307,13307,WEBSTER,FALSE,NA,NA,219,63174774,3.4665735408883297e-6,NA,1,1,TRUE,FALSE,TRUE,TRUE,fallback_m2,FALSE,FALSE,4,1,13307,9702,1,1
1968,1970,1970,adh_mainland_eligible,selected_m4_unavailable_fallback_m2_used,20,KS,20179,20179,SHERIDAN,FALSE,NA,NA,1565,63174774,2.4772546079864093e-5,NA,1,1,TRUE,FALSE,TRUE,TRUE,fallback_m2,FALSE,FALSE,1,1,20179,28604,1,1
1968,1970,1970,adh_mainland_eligible,selected_m4_unavailable_fallback_m2_used,36,NY,36041,36041,HAMILTON,FALSE,NA,NA,2857,63174774,4.5223747060812596e-5,NA,1,1,TRUE,FALSE,TRUE,TRUE,fallback_m2,FALSE,FALSE,3,1,36041,18500,1,1
1968,1970,1970,adh_mainland_eligible,selected_m4_unavailable_fallback_m2_used,38,ND,38013,38013,BURKE,FALSE,NA,NA,2047,63174774,3.2402173690403707e-5,NA,1,1,TRUE,FALSE,TRUE,TRUE,fallback_m2,FALSE,FALSE,1,1,38013,26412,1,1
1968,1970,1970,adh_mainland_eligible,selected_m4_unavailable_fallback_m2_used,38,ND,38039,38039,GRIGGS,FALSE,NA,NA,2118,63174774,3.352603999818029e-5,NA,1,1,TRUE,FALSE,TRUE,TRUE,fallback_m2,FALSE,FALSE,3,1,38039,26804,1,1
1968,1970,1970,adh_mainland_eligible,selected_m4_unavailable_fallback_m2_used,38,ND,38041,38041,HETTINGER,FALSE,NA,NA,2062,63174774,3.263961023430017e-5,NA,1,1,TRUE,FALSE,TRUE,TRUE,fallback_m2,FALSE,FALSE,1,1,38041,26404,1,1
1968,1970,1970,adh_mainland_eligible,selected_m4_unavailable_fallback_m2_used,46,SD,46031,46031,CORSON,FALSE,NA,NA,1929,63174774,3.0534339545084875e-5,NA,1,1,TRUE,FALSE,TRUE,TRUE,fallback_m2,FALSE,FALSE,2,1,46031,26603,1,1
1968,1970,1970,adh_mainland_eligible,selected_m4_unavailable_fallback_m2_used,46,SD,46071,46071,JACKSON,FALSE,NA,NA,747,63174774,1.1824339886043756e-5,NA,1,1,TRUE,FALSE,TRUE,TRUE,fallback_m2,FALSE,FALSE,1,1,46071,27603,1,1
1968,1970,1970,adh_mainland_eligible,selected_m4_unavailable_fallback_m2_used,46,SD,46131,46131,WASHABAUGH,FALSE,NA,NA,427,63174774,6.759026949585922e-6,NA,1,1,TRUE,FALSE,TRUE,TRUE,fallback_m2,FALSE,FALSE,1,1,46071,27603,1,1
1968,1970,1970,adh_mainland_eligible,selected_m4_unavailable_fallback_m2_used,46,SD,46137,46137,ZIEBACH,FALSE,NA,NA,799,63174774,1.2647453238218154e-5,NA,1,1,TRUE,FALSE,TRUE,TRUE,fallback_m2,FALSE,FALSE,1,1,46137,27602,1,1
1968,1970,1970,excluded_nonmainland,selected_m4_unavailable_fallback_m2_used_but_no_positive_target,15,HI,15001,15001,HAWAII,FALSE,NA,NA,25444,63174774,4.027556948601035e-4,NA,NA,NA,TRUE,FALSE,TRUE,TRUE,fallback_m2,TRUE,TRUE,1,0,NA,NA,NA,NA
1968,1970,1970,excluded_nonmainland,selected_m4_unavailable_fallback_m2_used_but_no_positive_target,15,HI,15003,15003,HONOLULU,FALSE,NA,NA,179400,63174774,0.002839741065001673,NA,NA,NA,TRUE,FALSE,TRUE,TRUE,fallback_m2,TRUE,TRUE,1,0,NA,NA,NA,NA
1968,1970,1970,excluded_nonmainland,selected_m4_unavailable_fallback_m2_used_but_no_positive_target,15,HI,15007,15007,KAUAI,FALSE,NA,NA,11191,63174774,1.771434908496863e-4,NA,NA,NA,TRUE,FALSE,TRUE,TRUE,fallback_m2,TRUE,TRUE,1,0,NA,NA,NA,NA
1968,1970,1970,excluded_nonmainland,selected_m4_unavailable_fallback_m2_used_but_no_positive_target,15,HI,15009,15009,MAUI,FALSE,NA,NA,16714,63174774,2.6456762631236325e-4,NA,NA,NA,TRUE,FALSE,TRUE,TRUE,fallback_m2,TRUE,TRUE,2,0,NA,NA,NA,NA
1972,1970,1970,adh_mainland_eligible,selected_m4_unavailable_fallback_m2_used,13,GA,13239,13239,QUITMAN,FALSE,NA,NA,642,76242330,8.42051915254951e-6,NA,1,1,TRUE,FALSE,TRUE,TRUE,fallback_m2,FALSE,FALSE,3,1,13239,10301,1,1
1972,1970,1970,adh_mainland_eligible,selected_m4_unavailable_fallback_m2_used,13,GA,13307,13307,WEBSTER,FALSE,NA,NA,591,76242330,7.75159940678623e-6,NA,1,1,TRUE,FALSE,TRUE,TRUE,fallback_m2,FALSE,FALSE,4,1,13307,9702,1,1
1972,1970,1970,adh_mainland_eligible,selected_m4_unavailable_fallback_m2_used,20,KS,20179,20179,SHERIDAN,FALSE,NA,NA,1686,76242330,2.2113699830527215e-5,NA,1,1,TRUE,FALSE,TRUE,TRUE,fallback_m2,FALSE,FALSE,1,1,20179,28604,1,1
1972,1970,1970,adh_mainland_eligible,selected_m4_unavailable_fallback_m2_used,36,NY,36041,36041,HAMILTON,FALSE,NA,NA,3328,76242330,4.3650292429415525e-5,NA,1,1,TRUE,FALSE,TRUE,TRUE,fallback_m2,FALSE,FALSE,3,1,36041,18500,1,1
1972,1970,1970,adh_mainland_eligible,selected_m4_unavailable_fallback_m2_used,38,ND,38013,38013,BURKE,FALSE,NA,NA,2097,76242330,2.750440601697246e-5,NA,1,1,TRUE,FALSE,TRUE,TRUE,fallback_m2,FALSE,FALSE,1,1,38013,26412,1,1
1972,1970,1970,adh_mainland_eligible,selected_m4_unavailable_fallback_m2_used,38,ND,38039,38039,GRIGGS,FALSE,NA,NA,2213,76242330,2.902587053674776e-5,NA,1,1,TRUE,FALSE,TRUE,TRUE,fallback_m2,FALSE,FALSE,3,1,38039,26804,1,1
1972,1970,1970,adh_mainland_eligible,selected_m4_unavailable_fallback_m2_used,38,ND,38041,38041,HETTINGER,FALSE,NA,NA,2237,76242330,2.9340656299459894e-5,NA,1,1,TRUE,FALSE,TRUE,TRUE,fallback_m2,FALSE,FALSE,1,1,38041,26404,1,1
1972,1970,1970,adh_mainland_eligible,selected_m4_unavailable_fallback_m2_used,46,SD,46031,46031,CORSON,FALSE,NA,NA,1664,76242330,2.1825146214707763e-5,NA,1,1,TRUE,FALSE,TRUE,TRUE,fallback_m2,FALSE,FALSE,2,1,46031,26603,1,1
1972,1970,1970,adh_mainland_eligible,selected_m4_unavailable_fallback_m2_used,46,SD,46071,46071,JACKSON,FALSE,NA,NA,842,76242330,1.1043733841817268e-5,NA,1,1,TRUE,FALSE,TRUE,TRUE,fallback_m2,FALSE,FALSE,1,1,46071,27603,1,1
1972,1970,1970,adh_mainland_eligible,selected_m4_unavailable_fallback_m2_used,46,SD,46131,46131,WASHABAUGH,FALSE,NA,NA,456,76242330,5.980929491530493e-6,NA,1,1,TRUE,FALSE,TRUE,TRUE,fallback_m2,FALSE,FALSE,1,1,46071,27603,1,1
1972,1970,1970,adh_mainland_eligible,selected_m4_unavailable_fallback_m2_used,46,SD,46137,46137,ZIEBACH,FALSE,NA,NA,864,76242330,1.1332287457636722e-5,NA,1,1,TRUE,FALSE,TRUE,TRUE,fallback_m2,FALSE,FALSE,1,1,46137,27602,1,1
1972,1970,1970,excluded_nonmainland,selected_m4_unavailable_fallback_m2_used_but_no_positive_target,15,HI,15001,15001,HAWAII,FALSE,NA,NA,28484,76242330,3.7359823604551435e-4,NA,NA,NA,TRUE,FALSE,TRUE,TRUE,fallback_m2,TRUE,TRUE,1,0,NA,NA,NA,NA
1972,1970,1970,excluded_nonmainland,selected_m4_unavailable_fallback_m2_used_but_no_positive_target,15,HI,15003,15003,HONOLULU,FALSE,NA,NA,209801,76242330,0.0027517653251153264,NA,NA,NA,TRUE,FALSE,TRUE,TRUE,fallback_m2,TRUE,TRUE,1,0,NA,NA,NA,NA
1972,1970,1970,excluded_nonmainland,selected_m4_unavailable_fallback_m2_used_but_no_positive_target,15,HI,15007,15007,KAUAI,FALSE,NA,NA,12972,76242330,1.701417047459069e-4,NA,NA,NA,TRUE,FALSE,TRUE,TRUE,fallback_m2,TRUE,TRUE,1,0,NA,NA,NA,NA
1972,1970,1970,excluded_nonmainland,selected_m4_unavailable_fallback_m2_used_but_no_positive_target,15,HI,15009,15009,MAUI,FALSE,NA,NA,19017,76242330,2.4942836872902496e-4,NA,NA,NA,TRUE,FALSE,TRUE,TRUE,fallback_m2,TRUE,TRUE,2,0,NA,NA,NA,NA
1976,1970,1970,adh_mainland_eligible,selected_m4_unavailable_fallback_m2_used,13,GA,13239,13239,QUITMAN,FALSE,NA,NA,990,79864901,1.2395933477711317e-5,NA,1,1,TRUE,FALSE,TRUE,TRUE,fallback_m2,FALSE,FALSE,3,1,13239,10301,1,1
1976,1970,1970,adh_mainland_eligible,selected_m4_unavailable_fallback_m2_used,13,GA,13307,13307,WEBSTER,FALSE,NA,NA,787,79864901,9.854141057534147e-6,NA,1,1,TRUE,FALSE,TRUE,TRUE,fallback_m2,FALSE,FALSE,4,1,13307,9702,1,1
1976,1970,1970,adh_mainland_eligible,selected_m4_unavailable_fallback_m2_used,20,KS,20179,20179,SHERIDAN,FALSE,NA,NA,1631,79864901,2.042198737590622e-5,NA,1,1,TRUE,FALSE,TRUE,TRUE,fallback_m2,FALSE,FALSE,1,1,20179,28604,1,1
1976,1970,1970,adh_mainland_eligible,selected_m4_unavailable_fallback_m2_used,36,NY,36041,36041,HAMILTON,FALSE,NA,NA,3358,79864901,4.2046004664802626e-5,NA,1,1,TRUE,FALSE,TRUE,TRUE,fallback_m2,FALSE,FALSE,3,1,36041,18500,1,1
1976,1970,1970,adh_mainland_eligible,selected_m4_unavailable_fallback_m2_used,38,ND,38013,38013,BURKE,FALSE,NA,NA,1986,79864901,2.486699382498452e-5,NA,1,1,TRUE,FALSE,TRUE,TRUE,fallback_m2,FALSE,FALSE,1,1,38013,26412,1,1
1976,1970,1970,adh_mainland_eligible,selected_m4_unavailable_fallback_m2_used,38,ND,38039,38039,GRIGGS,FALSE,NA,NA,2208,79864901,2.764668799877433e-5,NA,1,1,TRUE,FALSE,TRUE,TRUE,fallback_m2,FALSE,FALSE,3,1,38039,26804,1,1
1976,1970,1970,adh_mainland_eligible,selected_m4_unavailable_fallback_m2_used,38,ND,38041,38041,HETTINGER,FALSE,NA,NA,2230,79864901,2.7922153187167915e-5,NA,1,1,TRUE,FALSE,TRUE,TRUE,fallback_m2,FALSE,FALSE,1,1,38041,26404,1,1
1976,1970,1970,adh_mainland_eligible,selected_m4_unavailable_fallback_m2_used,46,SD,46031,46031,CORSON,FALSE,NA,NA,1813,79864901,2.2700835752616784e-5,NA,1,1,TRUE,FALSE,TRUE,TRUE,fallback_m2,FALSE,FALSE,2,1,46031,26603,1,1
1976,1970,1970,adh_mainland_eligible,selected_m4_unavailable_fallback_m2_used,46,SD,46071,46071,JACKSON,FALSE,NA,NA,845,79864901,1.0580367463299052e-5,NA,1,1,TRUE,FALSE,TRUE,TRUE,fallback_m2,FALSE,FALSE,1,1,46071,27603,1,1
1976,1970,1970,adh_mainland_eligible,selected_m4_unavailable_fallback_m2_used,46,SD,46131,46131,WASHABAUGH,FALSE,NA,NA,505,79864901,6.323178188125469e-6,NA,1,1,TRUE,FALSE,TRUE,TRUE,fallback_m2,FALSE,FALSE,1,1,46071,27603,1,1
1976,1970,1970,adh_mainland_eligible,selected_m4_unavailable_fallback_m2_used,46,SD,46137,46137,ZIEBACH,FALSE,NA,NA,739,79864901,9.253126101039054e-6,NA,1,1,TRUE,FALSE,TRUE,TRUE,fallback_m2,FALSE,FALSE,1,1,46137,27602,1,1
1976,1970,1970,excluded_nonmainland,selected_m4_unavailable_fallback_m2_used_but_no_positive_target,15,HI,15001,15001,HAWAII,FALSE,NA,NA,31326,79864901,3.922373859826108e-4,NA,NA,NA,TRUE,FALSE,TRUE,TRUE,fallback_m2,TRUE,TRUE,1,0,NA,NA,NA,NA
1976,1970,1970,excluded_nonmainland,selected_m4_unavailable_fallback_m2_used_but_no_positive_target,15,HI,15003,15003,HONOLULU,FALSE,NA,NA,219430,79864901,0.002747514831327469,NA,NA,NA,TRUE,FALSE,TRUE,TRUE,fallback_m2,TRUE,TRUE,1,0,NA,NA,NA,NA
1976,1970,1970,excluded_nonmainland,selected_m4_unavailable_fallback_m2_used_but_no_positive_target,15,HI,15007,15007,KAUAI,FALSE,NA,NA,14383,79864901,1.8009162748476956e-4,NA,NA,NA,TRUE,FALSE,TRUE,TRUE,fallback_m2,TRUE,TRUE,1,0,NA,NA,NA,NA
1976,1970,1970,excluded_nonmainland,selected_m4_unavailable_fallback_m2_used_but_no_positive_target,15,HI,15009,15009,MAUI,FALSE,NA,NA,22239,79864901,2.784577420311333e-4,NA,NA,NA,TRUE,FALSE,TRUE,TRUE,fallback_m2,TRUE,TRUE,2,0,NA,NA,NA,NA
1980,1980,1980,adh_mainland_eligible,selected_m4_unavailable_fallback_m2_used,13,GA,13239,13239,QUITMAN,FALSE,NA,NA,829,79255320,1.0459865659491376e-5,NA,1,1,TRUE,FALSE,TRUE,TRUE,fallback_m2,FALSE,FALSE,3,1,13239,10301,1,1
1980,1980,1980,adh_mainland_eligible,selected_m4_unavailable_fallback_m2_used,13,GA,13307,13307,WEBSTER,FALSE,NA,NA,920,79255320,1.1608053566624928e-5,NA,1,1,TRUE,FALSE,TRUE,TRUE,fallback_m2,FALSE,FALSE,4,1,13307,9702,1,1
1980,1980,1980,adh_mainland_eligible,selected_m4_unavailable_fallback_m2_used,20,KS,20179,20179,SHERIDAN,FALSE,NA,NA,1593,79255320,2.009959709960164e-5,NA,1,1,TRUE,FALSE,TRUE,TRUE,fallback_m2,FALSE,FALSE,1,1,20179,28604,1,1
1980,1980,1980,adh_mainland_eligible,selected_m4_unavailable_fallback_m2_used,36,NY,36041,36041,HAMILTON,FALSE,NA,NA,2963,79255320,3.7385502954249634e-5,NA,1,1,TRUE,FALSE,TRUE,TRUE,fallback_m2,FALSE,FALSE,3,1,36041,18500,1,1
1980,1980,1980,adh_mainland_eligible,selected_m4_unavailable_fallback_m2_used,38,ND,38013,38013,BURKE,FALSE,NA,NA,1860,79255320,2.3468456123828658e-5,NA,1,1,TRUE,FALSE,TRUE,TRUE,fallback_m2,FALSE,FALSE,1,1,38013,26412,1,1
1980,1980,1980,adh_mainland_eligible,selected_m4_unavailable_fallback_m2_used,38,ND,38039,38039,GRIGGS,FALSE,NA,NA,1978,79255320,2.4957315168243596e-5,NA,1,1,TRUE,FALSE,TRUE,TRUE,fallback_m2,FALSE,FALSE,3,1,38039,26804,1,1
1980,1980,1980,adh_mainland_eligible,selected_m4_unavailable_fallback_m2_used,38,ND,38041,38041,HETTINGER,FALSE,NA,NA,2133,79255320,2.6913019845229316e-5,NA,1,1,TRUE,FALSE,TRUE,TRUE,fallback_m2,FALSE,FALSE,1,1,38041,26404,1,1
1980,1980,1980,adh_mainland_eligible,selected_m4_unavailable_fallback_m2_used,46,SD,46031,46031,CORSON,FALSE,NA,NA,1755,79255320,2.2143623923289943e-5,NA,1,1,TRUE,FALSE,TRUE,TRUE,fallback_m2,FALSE,FALSE,2,1,46031,26603,1,1
1980,1980,1980,adh_mainland_eligible,selected_m4_unavailable_fallback_m2_used,46,SD,46071,46071,JACKSON,FALSE,NA,NA,1283,79255320,1.6188187745630198e-5,NA,1,1,TRUE,FALSE,TRUE,TRUE,fallback_m2,FALSE,FALSE,1,1,46071,27603,1,1
1980,1980,1980,adh_mainland_eligible,selected_m4_unavailable_fallback_m2_used,46,SD,46137,46137,ZIEBACH,FALSE,NA,NA,769,79255320,9.702818687754967e-6,NA,1,1,TRUE,FALSE,TRUE,TRUE,fallback_m2,FALSE,FALSE,1,1,46137,27602,1,1
1980,1980,1980,excluded_nonmainland,selected_m4_unavailable_fallback_m2_used_but_no_positive_target,15,HI,15001,15001,HAWAII,FALSE,NA,NA,31877,79255320,4.0220643863402483e-4,NA,NA,NA,TRUE,FALSE,TRUE,TRUE,fallback_m2,TRUE,TRUE,1,0,NA,NA,NA,NA
1980,1980,1980,excluded_nonmainland,selected_m4_unavailable_fallback_m2_used_but_no_positive_target,15,HI,15003,15003,HONOLULU,FALSE,NA,NA,196068,79255320,0.002473878094240235,NA,NA,NA,TRUE,FALSE,TRUE,TRUE,fallback_m2,TRUE,TRUE,1,0,NA,NA,NA,NA
1980,1980,1980,excluded_nonmainland,selected_m4_unavailable_fallback_m2_used_but_no_positive_target,15,HI,15007,15007,KAUAI,FALSE,NA,NA,14964,79255320,1.8880751475106025e-4,NA,NA,NA,TRUE,FALSE,TRUE,TRUE,fallback_m2,TRUE,TRUE,1,0,NA,NA,NA,NA
1980,1980,1980,excluded_nonmainland,selected_m4_unavailable_fallback_m2_used_but_no_positive_target,15,HI,15009,15009,MAUI,FALSE,NA,NA,23033,79255320,2.9061771500007825e-4,NA,NA,NA,TRUE,FALSE,TRUE,TRUE,fallback_m2,TRUE,TRUE,1,0,NA,NA,NA,NA
1984,1980,1980,adh_mainland_eligible,selected_m4_unavailable_fallback_m2_used,13,GA,13239,13239,QUITMAN,FALSE,NA,NA,851,91833271,9.26679394878573e-6,NA,1,1,TRUE,FALSE,TRUE,TRUE,fallback_m2,FALSE,FALSE,3,1,13239,10301,1,1
1984,1980,1980,adh_mainland_eligible,selected_m4_unavailable_fallback_m2_used,13,GA,13307,13307,WEBSTER,FALSE,NA,NA,936,91833271,1.0192384413705573e-5,NA,1,1,TRUE,FALSE,TRUE,TRUE,fallback_m2,FALSE,FALSE,4,1,13307,9702,1,1
1984,1980,1980,adh_mainland_eligible,selected_m4_unavailable_fallback_m2_used,20,KS,20179,20179,SHERIDAN,FALSE,NA,NA,1693,91833271,1.843558420128583e-5,NA,1,1,TRUE,FALSE,TRUE,TRUE,fallback_m2,FALSE,FALSE,1,1,20179,28604,1,1
1984,1980,1980,adh_mainland_eligible,selected_m4_unavailable_fallback_m2_used,36,NY,36041,36041,HAMILTON,FALSE,NA,NA,3374,91833271,3.6740496807524146e-5,NA,1,1,TRUE,FALSE,TRUE,TRUE,fallback_m2,FALSE,FALSE,3,1,36041,18500,1,1
1984,1980,1980,adh_mainland_eligible,selected_m4_unavailable_fallback_m2_used,38,ND,38013,38013,BURKE,FALSE,NA,NA,1841,91833271,2.0047200540205084e-5,NA,1,1,TRUE,FALSE,TRUE,TRUE,fallback_m2,FALSE,FALSE,1,1,38013,26412,1,1
1984,1980,1980,adh_mainland_eligible,selected_m4_unavailable_fallback_m2_used,38,ND,38039,38039,GRIGGS,FALSE,NA,NA,2082,91833271,2.2671521740742525e-5,NA,1,1,TRUE,FALSE,TRUE,TRUE,fallback_m2,FALSE,FALSE,3,1,38039,26804,1,1
1984,1980,1980,adh_mainland_eligible,selected_m4_unavailable_fallback_m2_used,38,ND,38041,38041,HETTINGER,FALSE,NA,NA,2170,91833271,2.3629780104424245e-5,NA,1,1,TRUE,FALSE,TRUE,TRUE,fallback_m2,FALSE,FALSE,1,1,38041,26404,1,1
1984,1980,1980,adh_mainland_eligible,selected_m4_unavailable_fallback_m2_used,46,SD,46031,46031,CORSON,FALSE,NA,NA,1747,91833271,1.9023606378999612e-5,NA,1,1,TRUE,FALSE,TRUE,TRUE,fallback_m2,FALSE,FALSE,2,1,46031,26603,1,1
1984,1980,1980,adh_mainland_eligible,selected_m4_unavailable_fallback_m2_used,46,SD,46071,46071,JACKSON,FALSE,NA,NA,1268,91833271,1.380763187668661e-5,NA,1,1,TRUE,FALSE,TRUE,TRUE,fallback_m2,FALSE,FALSE,1,1,46071,27603,1,1
1984,1980,1980,adh_mainland_eligible,selected_m4_unavailable_fallback_m2_used,46,SD,46137,46137,ZIEBACH,FALSE,NA,NA,788,91833271,8.580768074786316e-6,NA,1,1,TRUE,FALSE,TRUE,TRUE,fallback_m2,FALSE,FALSE,1,1,46137,27602,1,1
1984,1980,1980,excluded_nonmainland,selected_m4_unavailable_fallback_m2_used_but_no_positive_target,15,HI,15001,15001,HAWAII,FALSE,NA,NA,38573,91833271,4.2003295298062506e-4,NA,NA,NA,TRUE,FALSE,TRUE,TRUE,fallback_m2,TRUE,TRUE,1,0,NA,NA,NA,NA
1984,1980,1980,excluded_nonmainland,selected_m4_unavailable_fallback_m2_used_but_no_positive_target,15,HI,15003,15003,HONOLULU,FALSE,NA,NA,247767,91833271,0.002698009090844646,NA,NA,NA,TRUE,FALSE,TRUE,TRUE,fallback_m2,TRUE,TRUE,1,0,NA,NA,NA,NA
1984,1980,1980,excluded_nonmainland,selected_m4_unavailable_fallback_m2_used_but_no_positive_target,15,HI,15007,15007,KAUAI,FALSE,NA,NA,18111,91833271,1.9721610482545046e-4,NA,NA,NA,TRUE,FALSE,TRUE,TRUE,fallback_m2,TRUE,TRUE,1,0,NA,NA,NA,NA
1984,1980,1980,excluded_nonmainland,selected_m4_unavailable_fallback_m2_used_but_no_positive_target,15,HI,15009,15009,MAUI,FALSE,NA,NA,27686,91833271,3.01481148373774e-4,NA,NA,NA,TRUE,FALSE,TRUE,TRUE,fallback_m2,TRUE,TRUE,1,0,NA,NA,NA,NA
1988,1980,1980,adh_mainland_eligible,selected_m4_unavailable_fallback_m2_used,13,GA,13239,13239,QUITMAN,FALSE,NA,NA,732,90504238,8.088019038401274e-6,NA,1,1,TRUE,FALSE,TRUE,TRUE,fallback_m2,FALSE,FALSE,3,1,13239,10301,1,1
1988,1980,1980,adh_mainland_eligible,selected_m4_unavailable_fallback_m2_used,13,GA,13307,13307,WEBSTER,FALSE,NA,NA,788,90504238,8.706774593251644e-6,NA,1,1,TRUE,FALSE,TRUE,TRUE,fallback_m2,FALSE,FALSE,4,1,13307,9702,1,1
1988,1980,1980,adh_mainland_eligible,selected_m4_unavailable_fallback_m2_used,20,KS,20179,20179,SHERIDAN,FALSE,NA,NA,1501,90504238,1.6584858711257255e-5,NA,1,1,TRUE,FALSE,TRUE,TRUE,fallback_m2,FALSE,FALSE,1,1,20179,28604,1,1
1988,1980,1980,adh_mainland_eligible,selected_m4_unavailable_fallback_m2_used,36,NY,36041,36041,HAMILTON,FALSE,NA,NA,3296,90504238,3.641818408547896e-5,NA,1,1,TRUE,FALSE,TRUE,TRUE,fallback_m2,FALSE,FALSE,3,1,36041,18500,1,1
1988,1980,1980,adh_mainland_eligible,selected_m4_unavailable_fallback_m2_used,38,ND,38013,38013,BURKE,FALSE,NA,NA,1664,90504238,1.83858793441253e-5,NA,1,1,TRUE,FALSE,TRUE,TRUE,fallback_m2,FALSE,FALSE,1,1,38013,26412,1,1
1988,1980,1980,adh_mainland_eligible,selected_m4_unavailable_fallback_m2_used,38,ND,38039,38039,GRIGGS,FALSE,NA,NA,1866,90504238,2.061781902412128e-5,NA,1,1,TRUE,FALSE,TRUE,TRUE,fallback_m2,FALSE,FALSE,3,1,38039,26804,1,1
1988,1980,1980,adh_mainland_eligible,selected_m4_unavailable_fallback_m2_used,38,ND,38041,38041,HETTINGER,FALSE,NA,NA,2093,90504238,2.3125988862532602e-5,NA,1,1,TRUE,FALSE,TRUE,TRUE,fallback_m2,FALSE,FALSE,1,1,38041,26404,1,1
1988,1980,1980,adh_mainland_eligible,selected_m4_unavailable_fallback_m2_used,46,SD,46031,46031,CORSON,FALSE,NA,NA,1432,90504238,1.5822463474030908e-5,NA,1,1,TRUE,FALSE,TRUE,TRUE,fallback_m2,FALSE,FALSE,2,1,46031,26603,1,1
1988,1980,1980,adh_mainland_eligible,selected_m4_unavailable_fallback_m2_used,46,SD,46071,46071,JACKSON,FALSE,NA,NA,1121,90504238,1.2386160303344027e-5,NA,1,1,TRUE,FALSE,TRUE,TRUE,fallback_m2,FALSE,FALSE,1,1,46071,27603,1,1
1988,1980,1980,adh_mainland_eligible,selected_m4_unavailable_fallback_m2_used,46,SD,46137,46137,ZIEBACH,FALSE,NA,NA,789,90504238,8.717823799588258e-6,NA,1,1,TRUE,FALSE,TRUE,TRUE,fallback_m2,FALSE,FALSE,1,1,46137,27602,1,1
1988,1980,1980,excluded_nonmainland,selected_m4_unavailable_fallback_m2_used_but_no_positive_target,15,HI,15001,15001,HAWAII,FALSE,NA,NA,41216,90504238,4.554040883698728e-4,NA,NA,NA,TRUE,FALSE,TRUE,TRUE,fallback_m2,TRUE,TRUE,1,0,NA,NA,NA,NA
1988,1980,1980,excluded_nonmainland,selected_m4_unavailable_fallback_m2_used_but_no_positive_target,15,HI,15003,15003,HONOLULU,FALSE,NA,NA,259229,90504238,0.002864274709434049,NA,NA,NA,TRUE,FALSE,TRUE,TRUE,fallback_m2,TRUE,TRUE,1,0,NA,NA,NA,NA
1988,1980,1980,excluded_nonmainland,selected_m4_unavailable_fallback_m2_used_but_no_positive_target,15,HI,15007,15007,KAUAI,FALSE,NA,NA,20068,90504238,2.2173547276316496e-4,NA,NA,NA,TRUE,FALSE,TRUE,TRUE,fallback_m2,TRUE,TRUE,1,0,NA,NA,NA,NA
1988,1980,1980,excluded_nonmainland,selected_m4_unavailable_fallback_m2_used_but_no_positive_target,15,HI,15009,15009,MAUI,FALSE,NA,NA,30476,90504238,3.36735612314641e-4,NA,NA,NA,TRUE,FALSE,TRUE,TRUE,fallback_m2,TRUE,TRUE,1,0,NA,NA,NA,NA
2000,2000,2000,adh_mainland_eligible,selected_m4_unavailable_fallback_m2_used,13,GA,13239,13239,QUITMAN,FALSE,NA,NA,890,101225791,8.792225688806917e-6,NA,1,1,TRUE,FALSE,TRUE,TRUE,fallback_m2,FALSE,FALSE,3,1,13239,10301,1,1
2000,2000,2000,adh_mainland_eligible,selected_m4_unavailable_fallback_m2_used,13,GA,13307,13307,WEBSTER,FALSE,NA,NA,900,101225791,8.89101474149014e-6,NA,1,1,TRUE,FALSE,TRUE,TRUE,fallback_m2,FALSE,FALSE,4,1,13307,9702,1,1
2000,2000,2000,adh_mainland_eligible,selected_m4_unavailable_fallback_m2_used,20,KS,20179,20179,SHERIDAN,FALSE,NA,NA,1413,101225791,1.395889314413952e-5,NA,1,1,TRUE,FALSE,TRUE,TRUE,fallback_m2,FALSE,FALSE,1,1,20179,28604,1,1
2000,2000,2000,adh_mainland_eligible,selected_m4_unavailable_fallback_m2_used,36,NY,36041,36041,HAMILTON,FALSE,NA,NA,3502,101225791,3.459592624966497e-5,NA,1,1,TRUE,FALSE,TRUE,TRUE,fallback_m2,FALSE,FALSE,3,1,36041,18500,1,1
2000,2000,2000,adh_mainland_eligible,selected_m4_unavailable_fallback_m2_used,38,ND,38013,38013,BURKE,FALSE,NA,NA,994,101225791,9.819631836712443e-6,NA,1,1,TRUE,FALSE,TRUE,TRUE,fallback_m2,FALSE,FALSE,1,1,38013,26412,1,1
2000,2000,2000,adh_mainland_eligible,selected_m4_unavailable_fallback_m2_used,38,ND,38039,38039,GRIGGS,FALSE,NA,NA,1404,101225791,1.386998299672462e-5,NA,1,1,TRUE,FALSE,TRUE,TRUE,fallback_m2,FALSE,FALSE,3,1,38039,26804,1,1
2000,2000,2000,adh_mainland_eligible,selected_m4_unavailable_fallback_m2_used,38,ND,38041,38041,HETTINGER,FALSE,NA,NA,1410,101225791,1.3929256428334553e-5,NA,1,1,TRUE,FALSE,TRUE,TRUE,fallback_m2,FALSE,FALSE,1,1,38041,26404,1,1
2000,2000,2000,adh_mainland_eligible,selected_m4_unavailable_fallback_m2_used,46,SD,46031,46031,CORSON,FALSE,NA,NA,1178,101225791,1.1637350406083761e-5,NA,1,1,TRUE,FALSE,TRUE,TRUE,fallback_m2,FALSE,FALSE,2,1,46031,26603,1,1
2000,2000,2000,adh_mainland_eligible,selected_m4_unavailable_fallback_m2_used,46,SD,46071,46071,JACKSON,FALSE,NA,NA,1006,101225791,9.938178699932312e-6,NA,1,1,TRUE,FALSE,TRUE,TRUE,fallback_m2,FALSE,FALSE,1,1,46071,27603,1,1
2000,2000,2000,adh_mainland_eligible,selected_m4_unavailable_fallback_m2_used,46,SD,46137,46137,ZIEBACH,FALSE,NA,NA,698,101225791,6.89547587728902e-6,NA,1,1,TRUE,FALSE,TRUE,TRUE,fallback_m2,FALSE,FALSE,1,1,46137,27602,1,1
2000,2000,2000,excluded_nonmainland,selected_m4_unavailable_fallback_m2_used_but_no_positive_target,15,HI,15001,15001,HAWAII,FALSE,NA,NA,45720,101225791,4.5166354886769916e-4,NA,NA,NA,TRUE,FALSE,TRUE,TRUE,fallback_m2,TRUE,TRUE,1,0,NA,NA,NA,NA
2000,2000,2000,excluded_nonmainland,selected_m4_unavailable_fallback_m2_used_but_no_positive_target,15,HI,15003,15003,HONOLULU,FALSE,NA,NA,240928,101225791,0.002380104888486374,NA,NA,NA,TRUE,FALSE,TRUE,TRUE,fallback_m2,TRUE,TRUE,1,0,NA,NA,NA,NA
2000,2000,2000,excluded_nonmainland,selected_m4_unavailable_fallback_m2_used_but_no_positive_target,15,HI,15005,15005,KALAWAO,FALSE,NA,NA,41,101225791,4.050351160012175e-7,NA,NA,NA,TRUE,FALSE,TRUE,TRUE,fallback_m2,TRUE,TRUE,1,0,NA,NA,NA,NA
2000,2000,2000,excluded_nonmainland,selected_m4_unavailable_fallback_m2_used_but_no_positive_target,15,HI,15007,15007,KAUAI,FALSE,NA,NA,20053,101225791,1.9810168734566864e-4,NA,NA,NA,TRUE,FALSE,TRUE,TRUE,fallback_m2,TRUE,TRUE,1,0,NA,NA,NA,NA
2000,2000,2000,excluded_nonmainland,selected_m4_unavailable_fallback_m2_used_but_no_positive_target,15,HI,15009,15009,MAUI,FALSE,NA,NA,36360,101225791,3.5919699555620165e-4,NA,NA,NA,TRUE,FALSE,TRUE,TRUE,fallback_m2,TRUE,TRUE,1,0,NA,NA,NA,NA
2004,2000,2000,adh_mainland_eligible,selected_m4_unavailable_fallback_m2_used,13,GA,13239,13239,QUITMAN,FALSE,NA,NA,952,120764365,7.883120157175505e-6,NA,1,1,TRUE,FALSE,TRUE,TRUE,fallback_m2,FALSE,FALSE,3,1,13239,10301,1,1
2004,2000,2000,adh_mainland_eligible,selected_m4_unavailable_fallback_m2_used,13,GA,13307,13307,WEBSTER,FALSE,NA,NA,1000,120764365,8.280588400394438e-6,NA,1,1,TRUE,FALSE,TRUE,TRUE,fallback_m2,FALSE,FALSE,4,1,13307,9702,1,1
2004,2000,2000,adh_mainland_eligible,selected_m4_unavailable_fallback_m2_used,20,KS,20179,20179,SHERIDAN,FALSE,NA,NA,1383,120764365,1.1452053757745507e-5,NA,1,1,TRUE,FALSE,TRUE,TRUE,fallback_m2,FALSE,FALSE,1,1,20179,28604,1,1
2004,2000,2000,adh_mainland_eligible,selected_m4_unavailable_fallback_m2_used,36,NY,36041,36041,HAMILTON,FALSE,NA,NA,3620,120764365,2.9975730009427863e-5,NA,1,1,TRUE,FALSE,TRUE,TRUE,fallback_m2,FALSE,FALSE,3,1,36041,18500,1,1
2004,2000,2000,adh_mainland_eligible,selected_m4_unavailable_fallback_m2_used,38,ND,38013,38013,BURKE,FALSE,NA,NA,1144,120764365,9.472993130051236e-6,NA,1,1,TRUE,FALSE,TRUE,TRUE,fallback_m2,FALSE,FALSE,1,1,38013,26412,1,1
2004,2000,2000,adh_mainland_eligible,selected_m4_unavailable_fallback_m2_used,38,ND,38039,38039,GRIGGS,FALSE,NA,NA,1412,120764365,1.1692190821356947e-5,NA,1,1,TRUE,FALSE,TRUE,TRUE,fallback_m2,FALSE,FALSE,3,1,38039,26804,1,1
2004,2000,2000,adh_mainland_eligible,selected_m4_unavailable_fallback_m2_used,38,ND,38041,38041,HETTINGER,FALSE,NA,NA,1449,120764365,1.199857259217154e-5,NA,1,1,TRUE,FALSE,TRUE,TRUE,fallback_m2,FALSE,FALSE,1,1,38041,26404,1,1
2004,2000,2000,adh_mainland_eligible,selected_m4_unavailable_fallback_m2_used,46,SD,46031,46031,CORSON,FALSE,NA,NA,1692,120764365,1.4010755573467389e-5,NA,1,1,TRUE,FALSE,TRUE,TRUE,fallback_m2,FALSE,FALSE,2,1,46031,26603,1,1
2004,2000,2000,adh_mainland_eligible,selected_m4_unavailable_fallback_m2_used,46,SD,46071,46071,JACKSON,FALSE,NA,NA,1234,120764365,1.0218246086086736e-5,NA,1,1,TRUE,FALSE,TRUE,TRUE,fallback_m2,FALSE,FALSE,1,1,46071,27603,1,1
2004,2000,2000,adh_mainland_eligible,selected_m4_unavailable_fallback_m2_used,46,SD,46137,46137,ZIEBACH,FALSE,NA,NA,1088,120764365,9.009280179629148e-6,NA,1,1,TRUE,FALSE,TRUE,TRUE,fallback_m2,FALSE,FALSE,1,1,46137,27602,1,1
2004,2000,2000,excluded_nonmainland,selected_m4_unavailable_fallback_m2_used_but_no_positive_target,15,HI,15001,15001,HAWAII,FALSE,NA,NA,57148,120764365,4.732190659057413e-4,NA,NA,NA,TRUE,FALSE,TRUE,TRUE,fallback_m2,TRUE,TRUE,1,0,NA,NA,NA,NA
2004,2000,2000,excluded_nonmainland,selected_m4_unavailable_fallback_m2_used_but_no_positive_target,15,HI,15003,15003,HONOLULU,FALSE,NA,NA,296657,120764365,0.002456494513095813,NA,NA,NA,TRUE,FALSE,TRUE,TRUE,fallback_m2,TRUE,TRUE,1,0,NA,NA,NA,NA
2004,2000,2000,excluded_nonmainland,selected_m4_unavailable_fallback_m2_used_but_no_positive_target,15,HI,15005,15005,KALAWAO,FALSE,NA,NA,40,120764365,3.312235360157775e-7,NA,NA,NA,TRUE,FALSE,TRUE,TRUE,fallback_m2,TRUE,TRUE,1,0,NA,NA,NA,NA
2004,2000,2000,excluded_nonmainland,selected_m4_unavailable_fallback_m2_used_but_no_positive_target,15,HI,15007,15007,KAUAI,FALSE,NA,NA,24656,120764365,2.0416618760012525e-4,NA,NA,NA,TRUE,FALSE,TRUE,TRUE,fallback_m2,TRUE,TRUE,1,0,NA,NA,NA,NA
2004,2000,2000,excluded_nonmainland,selected_m4_unavailable_fallback_m2_used_but_no_positive_target,15,HI,15009,15009,MAUI,FALSE,NA,NA,46990,120764365,3.8910484893453463e-4,NA,NA,NA,TRUE,FALSE,TRUE,TRUE,fallback_m2,TRUE,TRUE,1,0,NA,NA,NA,NA
2008,2000,2000,adh_mainland_eligible,selected_m4_unavailable_fallback_m2_used,13,GA,13239,13239,QUITMAN,FALSE,NA,NA,1106,129131439,8.564916557616926e-6,NA,1,1,TRUE,FALSE,TRUE,TRUE,fallback_m2,FALSE,FALSE,3,1,13239,10301,1,1
2008,2000,2000,adh_mainland_eligible,selected_m4_unavailable_fallback_m2_used,13,GA,13307,13307,WEBSTER,FALSE,NA,NA,1103,129131439,8.541684415055578e-6,NA,1,1,TRUE,FALSE,TRUE,TRUE,fallback_m2,FALSE,FALSE,4,1,13307,9702,1,1
2008,2000,2000,adh_mainland_eligible,selected_m4_unavailable_fallback_m2_used,20,KS,20179,20179,SHERIDAN,FALSE,NA,NA,1362,129131439,1.0547392722851945e-5,NA,1,1,TRUE,FALSE,TRUE,TRUE,fallback_m2,FALSE,FALSE,1,1,20179,28604,1,1
2008,2000,2000,adh_mainland_eligible,selected_m4_unavailable_fallback_m2_used,36,NY,36041,36041,HAMILTON,FALSE,NA,NA,3366,129131439,2.6066463953832344e-5,NA,1,1,TRUE,FALSE,TRUE,TRUE,fallback_m2,FALSE,FALSE,3,1,36041,18500,1,1
2008,2000,2000,adh_mainland_eligible,selected_m4_unavailable_fallback_m2_used,38,ND,38013,38013,BURKE,FALSE,NA,NA,926,129131439,7.170988003936051e-6,NA,1,1,TRUE,FALSE,TRUE,TRUE,fallback_m2,FALSE,FALSE,1,1,38013,26412,1,1
2008,2000,2000,adh_mainland_eligible,selected_m4_unavailable_fallback_m2_used,38,ND,38039,38039,GRIGGS,FALSE,NA,NA,1280,129131439,9.912380826175104e-6,NA,1,1,TRUE,FALSE,TRUE,TRUE,fallback_m2,FALSE,FALSE,3,1,38039,26804,1,1
2008,2000,2000,adh_mainland_eligible,selected_m4_unavailable_fallback_m2_used,38,ND,38041,38041,HETTINGER,FALSE,NA,NA,1299,129131439,1.005951772906364e-5,NA,1,1,TRUE,FALSE,TRUE,TRUE,fallback_m2,FALSE,FALSE,1,1,38041,26404,1,1
2008,2000,2000,adh_mainland_eligible,selected_m4_unavailable_fallback_m2_used,46,SD,46031,46031,CORSON,FALSE,NA,NA,1372,129131439,1.062483319805644e-5,NA,1,1,TRUE,FALSE,TRUE,TRUE,fallback_m2,FALSE,FALSE,2,1,46031,26603,1,1
2008,2000,2000,adh_mainland_eligible,selected_m4_unavailable_fallback_m2_used,46,SD,46071,46071,JACKSON,FALSE,NA,NA,1103,129131439,8.541684415055578e-6,NA,1,1,TRUE,FALSE,TRUE,TRUE,fallback_m2,FALSE,FALSE,1,1,46071,27603,1,1
2008,2000,2000,adh_mainland_eligible,selected_m4_unavailable_fallback_m2_used,46,SD,46137,46137,ZIEBACH,FALSE,NA,NA,866,129131439,6.706345152709094e-6,NA,1,1,TRUE,FALSE,TRUE,TRUE,fallback_m2,FALSE,FALSE,1,1,46137,27602,1,1
2008,2000,2000,excluded_nonmainland,selected_m4_unavailable_fallback_m2_used_but_no_positive_target,15,HI,15001,15001,HAWAII,FALSE,NA,NA,65685,129131439,5.086677613807122e-4,NA,NA,NA,TRUE,FALSE,TRUE,TRUE,fallback_m2,TRUE,TRUE,1,0,NA,NA,NA,NA
2008,2000,2000,excluded_nonmainland,selected_m4_unavailable_fallback_m2_used_but_no_positive_target,15,HI,15003,15003,HONOLULU,FALSE,NA,NA,302403,129131439,0.0023418232023264297,NA,NA,NA,TRUE,FALSE,TRUE,TRUE,fallback_m2,TRUE,TRUE,1,0,NA,NA,NA,NA
2008,2000,2000,excluded_nonmainland,selected_m4_unavailable_fallback_m2_used_but_no_positive_target,15,HI,15005,15005,KALAWAO,FALSE,NA,NA,31,129131439,2.400654731339283e-7,NA,NA,NA,TRUE,FALSE,TRUE,TRUE,fallback_m2,TRUE,TRUE,1,0,NA,NA,NA,NA
2008,2000,2000,excluded_nonmainland,selected_m4_unavailable_fallback_m2_used_but_no_positive_target,15,HI,15007,15007,KAUAI,FALSE,NA,NA,26661,129131439,2.0646405094269877e-4,NA,NA,NA,TRUE,FALSE,TRUE,TRUE,fallback_m2,TRUE,TRUE,1,0,NA,NA,NA,NA
2008,2000,2000,excluded_nonmainland,selected_m4_unavailable_fallback_m2_used_but_no_positive_target,15,HI,15009,15009,MAUI,FALSE,NA,NA,50881,129131439,3.940248818879808e-4,NA,NA,NA,TRUE,FALSE,TRUE,TRUE,fallback_m2,TRUE,TRUE,1,0,NA,NA,NA,NA
2012,2010,2010,adh_mainland_eligible,selected_m4_unavailable_fallback_m2_used,13,GA,13239,13239,QUITMAN,FALSE,NA,NA,1122,126528743,8.867550355732214e-6,NA,1,1,TRUE,FALSE,TRUE,TRUE,fallback_m2,FALSE,FALSE,5,1,13239,10301,1,1
2012,2010,2010,adh_mainland_eligible,selected_m4_unavailable_fallback_m2_used,20,KS,20179,20179,SHERIDAN,FALSE,NA,NA,1322,126528743,1.0448218868340453e-5,NA,1,1,TRUE,FALSE,TRUE,TRUE,fallback_m2,FALSE,FALSE,6,1,20179,28604,1,1
2012,2010,2010,adh_mainland_eligible,selected_m4_unavailable_fallback_m2_used,36,NY,36041,36041,HAMILTON,FALSE,NA,NA,3060,126528743,2.4184228242906042e-5,NA,1,1,TRUE,FALSE,TRUE,TRUE,fallback_m2,FALSE,FALSE,8,1,36041,18500,1,1
2012,2010,2010,adh_mainland_eligible,selected_m4_unavailable_fallback_m2_used,38,ND,38013,38013,BURKE,FALSE,NA,NA,999,126528743,7.895439220478149e-6,NA,1,1,TRUE,FALSE,TRUE,TRUE,fallback_m2,FALSE,FALSE,6,1,38013,26412,1,1
2012,2010,2010,adh_mainland_eligible,selected_m4_unavailable_fallback_m2_used,38,ND,38039,38039,GRIGGS,FALSE,NA,NA,1307,126528743,1.0329668729894834e-5,NA,1,1,TRUE,FALSE,TRUE,TRUE,fallback_m2,FALSE,FALSE,7,1,38039,26804,1,1
2012,2010,2010,adh_mainland_eligible,selected_m4_unavailable_fallback_m2_used,38,ND,38041,38041,HETTINGER,FALSE,NA,NA,1313,126528743,1.0377088785273083e-5,NA,1,1,TRUE,FALSE,TRUE,TRUE,fallback_m2,FALSE,FALSE,5,1,38041,26404,1,1
2012,2010,2010,adh_mainland_eligible,selected_m4_unavailable_fallback_m2_used,46,SD,46031,46031,CORSON,FALSE,NA,NA,1163,126528743,9.191587400816903e-6,NA,0.9999999468799999,0.9999999468799999,TRUE,FALSE,TRUE,TRUE,fallback_m2,FALSE,FALSE,9,3,46021;46031;46041,26603;26604;27602,3,3
2012,2010,2010,adh_mainland_eligible,selected_m4_unavailable_fallback_m2_used,46,SD,46071,46071,JACKSON,FALSE,NA,NA,1087,126528743,8.590933366025774e-6,NA,0.9999999924799999,0.9999999924799999,TRUE,FALSE,TRUE,TRUE,fallback_m2,FALSE,FALSE,8,3,46007;46071;46113,27603;27704,3,2
2012,2010,2010,adh_mainland_eligible,selected_m4_unavailable_fallback_m2_used,46,SD,46137,46137,ZIEBACH,FALSE,NA,NA,753,126528743,5.951216949970016e-6,NA,1,1,TRUE,FALSE,TRUE,TRUE,fallback_m2,FALSE,FALSE,5,1,46137,27602,1,1
2012,2010,2010,excluded_nonmainland,selected_m4_unavailable_fallback_m2_used_but_no_positive_target,15,HI,15001,15001,HAWAII,FALSE,NA,NA,61977,126528743,4.898254620296039e-4,NA,NA,NA,TRUE,FALSE,TRUE,TRUE,fallback_m2,TRUE,TRUE,1,0,NA,NA,NA,NA
2012,2010,2010,excluded_nonmainland,selected_m4_unavailable_fallback_m2_used_but_no_positive_target,15,HI,15003,15003,HONOLULU,FALSE,NA,NA,292810,126528743,0.002314177735884091,NA,NA,NA,TRUE,FALSE,TRUE,TRUE,fallback_m2,TRUE,TRUE,1,0,NA,NA,NA,NA
2012,2010,2010,excluded_nonmainland,selected_m4_unavailable_fallback_m2_used_but_no_positive_target,15,HI,15005,15005,KALAWAO,FALSE,NA,NA,27,126528743,2.1339024920211213e-7,NA,NA,NA,TRUE,FALSE,TRUE,TRUE,fallback_m2,TRUE,TRUE,2,0,NA,NA,NA,NA
2012,2010,2010,excluded_nonmainland,selected_m4_unavailable_fallback_m2_used_but_no_positive_target,15,HI,15007,15007,KAUAI,FALSE,NA,NA,24762,126528743,1.9570256854602595e-4,NA,NA,NA,TRUE,FALSE,TRUE,TRUE,fallback_m2,TRUE,TRUE,1,0,NA,NA,NA,NA
2012,2010,2010,excluded_nonmainland,selected_m4_unavailable_fallback_m2_used_but_no_positive_target,15,HI,15009,15009,MAUI,FALSE,NA,NA,47654,126528743,3.766258864991649e-4,NA,NA,NA,TRUE,FALSE,TRUE,TRUE,fallback_m2,TRUE,TRUE,2,0,NA,NA,NA,NA
2016,2010,2010,adh_mainland_eligible,selected_m4_unavailable_fallback_m2_used,13,GA,13239,13239,QUITMAN,FALSE,NA,NA,1036,127605841,8.118750614245e-6,NA,1,1,TRUE,FALSE,TRUE,TRUE,fallback_m2,FALSE,FALSE,5,1,13239,10301,1,1
2016,2010,2010,adh_mainland_eligible,selected_m4_unavailable_fallback_m2_used,20,KS,20179,20179,SHERIDAN,FALSE,NA,NA,1312,127605841,1.0281661009545794e-5,NA,1,1,TRUE,FALSE,TRUE,TRUE,fallback_m2,FALSE,FALSE,6,1,20179,28604,1,1
2016,2010,2010,adh_mainland_eligible,selected_m4_unavailable_fallback_m2_used,36,NY,36041,36041,HAMILTON,FALSE,NA,NA,2547,127605841,1.9959901365330133e-5,NA,1,1,TRUE,FALSE,TRUE,TRUE,fallback_m2,FALSE,FALSE,8,1,36041,18500,1,1
2016,2010,2010,adh_mainland_eligible,selected_m4_unavailable_fallback_m2_used,38,ND,38013,38013,BURKE,FALSE,NA,NA,1014,127605841,7.9463447131703e-6,NA,1,1,TRUE,FALSE,TRUE,TRUE,fallback_m2,FALSE,FALSE,6,1,38013,26412,1,1
2016,2010,2010,adh_mainland_eligible,selected_m4_unavailable_fallback_m2_used,38,ND,38039,38039,GRIGGS,FALSE,NA,NA,1145,127605841,8.972943487751474e-6,NA,1,1,TRUE,FALSE,TRUE,TRUE,fallback_m2,FALSE,FALSE,7,1,38039,26804,1,1
2016,2010,2010,adh_mainland_eligible,selected_m4_unavailable_fallback_m2_used,38,ND,38041,38041,HETTINGER,FALSE,NA,NA,1218,127605841,9.5450176140448e-6,NA,1,1,TRUE,FALSE,TRUE,TRUE,fallback_m2,FALSE,FALSE,5,1,38041,26404,1,1
2016,2010,2010,adh_mainland_eligible,selected_m4_unavailable_fallback_m2_used,46,SD,46031,46031,CORSON,FALSE,NA,NA,1123,127605841,8.800537586676772e-6,NA,0.9999999468799999,0.9999999468799999,TRUE,FALSE,TRUE,TRUE,fallback_m2,FALSE,FALSE,9,3,46021;46031;46041,26603;26604;27602,3,3
2016,2010,2010,adh_mainland_eligible,selected_m4_unavailable_fallback_m2_used,46,SD,46071,46071,JACKSON,FALSE,NA,NA,1045,127605841,8.189280301048288e-6,NA,0.9999999924799999,0.9999999924799999,TRUE,FALSE,TRUE,TRUE,fallback_m2,FALSE,FALSE,8,3,46007;46071;46113,27603;27704,3,2
2016,2010,2010,adh_mainland_eligible,selected_m4_unavailable_fallback_m2_used,46,SD,46137,46137,ZIEBACH,FALSE,NA,NA,720,127605841,5.642374944262935e-6,NA,1,1,TRUE,FALSE,TRUE,TRUE,fallback_m2,FALSE,FALSE,5,1,46137,27602,1,1
2016,2010,2010,excluded_nonmainland,selected_m4_unavailable_fallback_m2_used_but_no_positive_target,15,HI,15001,15001,HAWAII,FALSE,NA,NA,58760,127605841,4.604804885067918e-4,NA,NA,NA,TRUE,FALSE,TRUE,TRUE,fallback_m2,TRUE,TRUE,1,0,NA,NA,NA,NA
2016,2010,2010,excluded_nonmainland,selected_m4_unavailable_fallback_m2_used_but_no_positive_target,15,HI,15003,15003,HONOLULU,FALSE,NA,NA,266022,127605841,0.002084716482531548,NA,NA,NA,TRUE,FALSE,TRUE,TRUE,fallback_m2,TRUE,TRUE,1,0,NA,NA,NA,NA
2016,2010,2010,excluded_nonmainland,selected_m4_unavailable_fallback_m2_used_but_no_positive_target,15,HI,15005,15005,KALAWAO,FALSE,NA,NA,15,127605841,1.1754947800547782e-7,NA,NA,NA,TRUE,FALSE,TRUE,TRUE,fallback_m2,TRUE,TRUE,2,0,NA,NA,NA,NA
2016,2010,2010,excluded_nonmainland,selected_m4_unavailable_fallback_m2_used_but_no_positive_target,15,HI,15007,15007,KAUAI,FALSE,NA,NA,24030,127605841,1.8831426376477548e-4,NA,NA,NA,TRUE,FALSE,TRUE,TRUE,fallback_m2,TRUE,TRUE,1,0,NA,NA,NA,NA
2016,2010,2010,excluded_nonmainland,selected_m4_unavailable_fallback_m2_used_but_no_positive_target,15,HI,15009,15009,MAUI,FALSE,NA,NA,46926,127605841,3.677417869923368e-4,NA,NA,NA,TRUE,FALSE,TRUE,TRUE,fallback_m2,TRUE,TRUE,2,0,NA,NA,NA,NA
2020,2020,2020,adh_mainland_eligible,selected_m4_unavailable_fallback_m2_used,13,GA,13239,13239,QUITMAN,FALSE,NA,NA,1101,155129917,7.097277051982178e-6,NA,1,1,TRUE,FALSE,TRUE,TRUE,fallback_m2,FALSE,FALSE,5,1,13239,10301,1,1
2020,2020,2020,adh_mainland_eligible,selected_m4_unavailable_fallback_m2_used,20,KS,20179,20179,SHERIDAN,FALSE,NA,NA,1381,155129917,8.902215811795992e-6,NA,1,1,TRUE,FALSE,TRUE,TRUE,fallback_m2,FALSE,FALSE,6,1,20179,28604,1,1
2020,2020,2020,adh_mainland_eligible,selected_m4_unavailable_fallback_m2_used,36,NY,36041,36041,HAMILTON,FALSE,NA,NA,3403,155129917,2.1936452141594325e-5,NA,1,1,TRUE,FALSE,TRUE,TRUE,fallback_m2,FALSE,FALSE,8,1,36041,18500,1,1
2020,2020,2020,adh_mainland_eligible,selected_m4_unavailable_fallback_m2_used,38,ND,38039,38039,GRIGGS,FALSE,NA,NA,1215,155129917,7.83214497562066e-6,NA,1,1,TRUE,FALSE,TRUE,TRUE,fallback_m2,FALSE,FALSE,7,1,38039,26804,1,1
2020,2020,2020,adh_mainland_eligible,selected_m4_unavailable_fallback_m2_used,38,ND,38041,38041,HETTINGER,FALSE,NA,NA,1287,155129917,8.296272085287069e-6,NA,1,1,TRUE,FALSE,TRUE,TRUE,fallback_m2,FALSE,FALSE,5,1,38041,26404,1,1
2020,2020,2020,adh_mainland_eligible,selected_m4_unavailable_fallback_m2_used,46,SD,46031,46031,CORSON,FALSE,NA,NA,1269,155129917,8.180240307870467e-6,NA,0.9999999468799999,0.9999999468799999,TRUE,FALSE,TRUE,TRUE,fallback_m2,FALSE,FALSE,9,3,46021;46031;46041,26603;26604;27602,3,3
2020,2020,2020,adh_mainland_eligible,selected_m4_unavailable_fallback_m2_used,46,SD,46137,46137,ZIEBACH,FALSE,NA,NA,885,155129917,5.70489572298295e-6,NA,1,1,TRUE,FALSE,TRUE,TRUE,fallback_m2,FALSE,FALSE,5,1,46137,27602,1,1
2020,2020,2020,excluded_nonmainland,selected_m4_unavailable_fallback_m2_used_but_no_positive_target,15,HI,15001,15001,HAWAII,FALSE,NA,NA,85628,155129917,5.519760575904905e-4,NA,NA,NA,TRUE,FALSE,TRUE,TRUE,fallback_m2,TRUE,TRUE,1,0,NA,NA,NA,NA
2020,2020,2020,excluded_nonmainland,selected_m4_unavailable_fallback_m2_used_but_no_positive_target,15,HI,15003,15003,HONOLULU,FALSE,NA,NA,375128,155129917,0.0024181538110408453,NA,NA,NA,TRUE,FALSE,TRUE,TRUE,fallback_m2,TRUE,TRUE,1,0,NA,NA,NA,NA
2020,2020,2020,excluded_nonmainland,selected_m4_unavailable_fallback_m2_used_but_no_positive_target,15,HI,15005,15005,KALAWAO,FALSE,NA,NA,24,155129917,1.5470903655546982e-7,NA,NA,NA,TRUE,FALSE,TRUE,TRUE,fallback_m2,TRUE,TRUE,2,0,NA,NA,NA,NA
2020,2020,2020,excluded_nonmainland,selected_m4_unavailable_fallback_m2_used_but_no_positive_target,15,HI,15007,15007,KAUAI,FALSE,NA,NA,32807,155129917,2.1148080676147078e-4,NA,NA,NA,TRUE,FALSE,TRUE,TRUE,fallback_m2,TRUE,TRUE,1,0,NA,NA,NA,NA
2020,2020,2020,excluded_nonmainland,selected_m4_unavailable_fallback_m2_used_but_no_positive_target,15,HI,15009,15009,MAUI,FALSE,NA,NA,69431,155129917,4.475667965451177e-4,NA,NA,NA,TRUE,FALSE,TRUE,TRUE,fallback_m2,TRUE,TRUE,2,0,NA,NA,NA,NA
